FIPSStateCode|FIPSCountyCode|CountyName|State|CBSANumber|One-UnitLimit|Two-UnitLimit|Three-UnitLimit|Four-UnitLimit
01|001|AUTAUGACOUNTY|AL|33860|832750|1066250|1288800|1601750
01|003|BALDWINCOUNTY|AL|19300|832750|1066250|1288800|1601750
01|005|BARBOURCOUNTY|AL|21640|832750|1066250|1288800|1601750
01|007|BIBBCOUNTY|AL|13820|832750|1066250|1288800|1601750
01|009|BLOUNTCOUNTY|AL|13820|832750|1066250|1288800|1601750
01|011|BULLOCKCOUNTY|AL|99999|832750|1066250|1288800|1601750
01|013|BUTLERCOUNTY|AL|99999|832750|1066250|1288800|1601750
01|015|CALHOUNCOUNTY|AL|11500|832750|1066250|1288800|1601750
01|017|CHAMBERSCOUNTY|AL|29300|832750|1066250|1288800|1601750
01|019|CHEROKEECOUNTY|AL|99999|832750|1066250|1288800|1601750
01|021|CHILTONCOUNTY|AL|13820|832750|1066250|1288800|1601750
01|023|CHOCTAWCOUNTY|AL|99999|832750|1066250|1288800|1601750
01|025|CLARKECOUNTY|AL|99999|832750|1066250|1288800|1601750
01|027|CLAYCOUNTY|AL|99999|832750|1066250|1288800|1601750
01|029|CLEBURNECOUNTY|AL|99999|832750|1066250|1288800|1601750
01|031|COFFEECOUNTY|AL|21460|832750|1066250|1288800|1601750
01|033|COLBERTCOUNTY|AL|22520|832750|1066250|1288800|1601750
01|035|CONECUHCOUNTY|AL|99999|832750|1066250|1288800|1601750
01|037|COOSACOUNTY|AL|45180|832750|1066250|1288800|1601750
01|039|COVINGTONCOUNTY|AL|99999|832750|1066250|1288800|1601750
01|041|CRENSHAWCOUNTY|AL|99999|832750|1066250|1288800|1601750
01|043|CULLMANCOUNTY|AL|18980|832750|1066250|1288800|1601750
01|045|DALECOUNTY|AL|37120|832750|1066250|1288800|1601750
01|047|DALLASCOUNTY|AL|42820|832750|1066250|1288800|1601750
01|049|DEKALBCOUNTY|AL|22840|832750|1066250|1288800|1601750
01|051|ELMORECOUNTY|AL|33860|832750|1066250|1288800|1601750
01|053|ESCAMBIACOUNTY|AL|99999|832750|1066250|1288800|1601750
01|055|ETOWAHCOUNTY|AL|23460|832750|1066250|1288800|1601750
01|057|FAYETTECOUNTY|AL|99999|832750|1066250|1288800|1601750
01|059|FRANKLINCOUNTY|AL|40770|832750|1066250|1288800|1601750
01|061|GENEVACOUNTY|AL|20020|832750|1066250|1288800|1601750
01|063|GREENECOUNTY|AL|46220|832750|1066250|1288800|1601750
01|065|HALECOUNTY|AL|46220|832750|1066250|1288800|1601750
01|067|HENRYCOUNTY|AL|20020|832750|1066250|1288800|1601750
01|069|HOUSTONCOUNTY|AL|20020|832750|1066250|1288800|1601750
01|071|JACKSONCOUNTY|AL|42460|832750|1066250|1288800|1601750
01|073|JEFFERSONCOUNTY|AL|13820|832750|1066250|1288800|1601750
01|075|LAMARCOUNTY|AL|99999|832750|1066250|1288800|1601750
01|077|LAUDERDALECOUNTY|AL|22520|832750|1066250|1288800|1601750
01|079|LAWRENCECOUNTY|AL|19460|832750|1066250|1288800|1601750
01|081|LEECOUNTY|AL|12220|832750|1066250|1288800|1601750
01|083|LIMESTONECOUNTY|AL|26620|832750|1066250|1288800|1601750
01|085|LOWNDESCOUNTY|AL|33860|832750|1066250|1288800|1601750
01|087|MACONCOUNTY|AL|12220|832750|1066250|1288800|1601750
01|089|MADISONCOUNTY|AL|26620|832750|1066250|1288800|1601750
01|091|MARENGOCOUNTY|AL|99999|832750|1066250|1288800|1601750
01|093|MARIONCOUNTY|AL|99999|832750|1066250|1288800|1601750
01|095|MARSHALLCOUNTY|AL|10700|832750|1066250|1288800|1601750
01|097|MOBILECOUNTY|AL|33660|832750|1066250|1288800|1601750
01|099|MONROECOUNTY|AL|99999|832750|1066250|1288800|1601750
01|101|MONTGOMERYCOUNTY|AL|33860|832750|1066250|1288800|1601750
01|103|MORGANCOUNTY|AL|19460|832750|1066250|1288800|1601750
01|105|PERRYCOUNTY|AL|99999|832750|1066250|1288800|1601750
01|107|PICKENSCOUNTY|AL|46220|832750|1066250|1288800|1601750
01|109|PIKECOUNTY|AL|45980|832750|1066250|1288800|1601750
01|111|RANDOLPHCOUNTY|AL|99999|832750|1066250|1288800|1601750
01|113|RUSSELLCOUNTY|AL|17980|832750|1066250|1288800|1601750
01|115|ST.CLAIRCOUNTY|AL|13820|832750|1066250|1288800|1601750
01|117|SHELBYCOUNTY|AL|13820|832750|1066250|1288800|1601750
01|119|SUMTERCOUNTY|AL|99999|832750|1066250|1288800|1601750
01|121|TALLADEGACOUNTY|AL|45180|832750|1066250|1288800|1601750
01|123|TALLAPOOSACOUNTY|AL|10760|832750|1066250|1288800|1601750
01|125|TUSCALOOSACOUNTY|AL|46220|832750|1066250|1288800|1601750
01|127|WALKERCOUNTY|AL|13820|832750|1066250|1288800|1601750
01|129|WASHINGTONCOUNTY|AL|99999|832750|1066250|1288800|1601750
01|131|WILCOXCOUNTY|AL|99999|832750|1066250|1288800|1601750
01|133|WINSTONCOUNTY|AL|99999|832750|1066250|1288800|1601750
02|013|ALEUTIANSEASTBOROUGH|AK|99999|1249125|1599375|1933200|2402625
02|016|ALEUTIANSWESTCENSUSAREA|AK|99999|1249125|1599375|1933200|2402625
02|020|ANCHORAGEMUNICIPALITY|AK|11260|1249125|1599375|1933200|2402625
02|050|BETHELCENSUSAREA|AK|99999|1249125|1599375|1933200|2402625
02|060|BRISTOLBAYBOROUGH|AK|99999|1249125|1599375|1933200|2402625
02|063|CHUGACHCENSUSAREA|AK|99999|1249125|1599375|1933200|2402625
02|066|COPPERRIVERCENSUSAREA|AK|99999|1249125|1599375|1933200|2402625
02|068|DENALIBOROUGH|AK|99999|1249125|1599375|1933200|2402625
02|070|DILLINGHAMCENSUSAREA|AK|99999|1249125|1599375|1933200|2402625
02|090|FAIRBANKSNORTHSTARBOROUGH|AK|21820|1249125|1599375|1933200|2402625
02|100|HAINESBOROUGH|AK|99999|1249125|1599375|1933200|2402625
02|105|HOONAH-ANGOONCENSUSAREA|AK|99999|1249125|1599375|1933200|2402625
02|110|JUNEAUCITYANDBOROUGH|AK|27940|1249125|1599375|1933200|2402625
02|122|KENAIPENINSULABOROUGH|AK|99999|1249125|1599375|1933200|2402625
02|130|KETCHIKANGATEWAYBOROUGH|AK|28540|1249125|1599375|1933200|2402625
02|150|KODIAKISLANDBOROUGH|AK|99999|1249125|1599375|1933200|2402625
02|158|KUSILVAKCENSUSAREA|AK|99999|1249125|1599375|1933200|2402625
02|164|LAKEANDPENINSULABOROUGH|AK|99999|1249125|1599375|1933200|2402625
02|170|MATANUSKA-SUSITNABOROUGH|AK|11260|1249125|1599375|1933200|2402625
02|180|NOMECENSUSAREA|AK|99999|1249125|1599375|1933200|2402625
02|185|NORTHSLOPEBOROUGH|AK|99999|1249125|1599375|1933200|2402625
02|188|NORTHWESTARCTICBOROUGH|AK|99999|1249125|1599375|1933200|2402625
02|195|PETERSBURGCENSUSAREA|AK|99999|1249125|1599375|1933200|2402625
02|198|PRINCEOFWALES-HYDERCENSUSAREA|AK|99999|1249125|1599375|1933200|2402625
02|220|SITKACITYANDBOROUGH|AK|99999|1249125|1599375|1933200|2402625
02|230|SKAGWAYMUNICIPALITY|AK|99999|1249125|1599375|1933200|2402625
02|240|SOUTHEASTFAIRBANKSCENSUSAREA|AK|99999|1249125|1599375|1933200|2402625
02|275|WRANGELLCITYANDBOROUGH|AK|99999|1249125|1599375|1933200|2402625
02|282|YAKUTATCITYANDBOROUGH|AK|99999|1249125|1599375|1933200|2402625
02|290|YUKON-KOYUKUKCENSUSAREA|AK|99999|1249125|1599375|1933200|2402625
04|001|APACHECOUNTY|AZ|99999|832750|1066250|1288800|1601750
04|003|COCHISECOUNTY|AZ|43420|832750|1066250|1288800|1601750
04|005|COCONINOCOUNTY|AZ|22380|832750|1066250|1288800|1601750
04|007|GILACOUNTY|AZ|37740|832750|1066250|1288800|1601750
04|009|GRAHAMCOUNTY|AZ|40940|832750|1066250|1288800|1601750
04|011|GREENLEECOUNTY|AZ|99999|832750|1066250|1288800|1601750
04|012|LAPAZCOUNTY|AZ|99999|832750|1066250|1288800|1601750
04|013|MARICOPACOUNTY|AZ|38060|832750|1066250|1288800|1601750
04|015|MOHAVECOUNTY|AZ|29420|832750|1066250|1288800|1601750
04|017|NAVAJOCOUNTY|AZ|43320|832750|1066250|1288800|1601750
04|019|PIMACOUNTY|AZ|46060|832750|1066250|1288800|1601750
04|021|PINALCOUNTY|AZ|38060|832750|1066250|1288800|1601750
04|023|SANTACRUZCOUNTY|AZ|35700|832750|1066250|1288800|1601750
04|025|YAVAPAICOUNTY|AZ|39150|832750|1066250|1288800|1601750
04|027|YUMACOUNTY|AZ|49740|832750|1066250|1288800|1601750
05|001|ARKANSASCOUNTY|AR|99999|832750|1066250|1288800|1601750
05|003|ASHLEYCOUNTY|AR|99999|832750|1066250|1288800|1601750
05|005|BAXTERCOUNTY|AR|34260|832750|1066250|1288800|1601750
05|007|BENTONCOUNTY|AR|22220|832750|1066250|1288800|1601750
05|009|BOONECOUNTY|AR|25460|832750|1066250|1288800|1601750
05|011|BRADLEYCOUNTY|AR|99999|832750|1066250|1288800|1601750
05|013|CALHOUNCOUNTY|AR|15780|832750|1066250|1288800|1601750
05|015|CARROLLCOUNTY|AR|99999|832750|1066250|1288800|1601750
05|017|CHICOTCOUNTY|AR|99999|832750|1066250|1288800|1601750
05|019|CLARKCOUNTY|AR|11660|832750|1066250|1288800|1601750
05|021|CLAYCOUNTY|AR|99999|832750|1066250|1288800|1601750
05|023|CLEBURNECOUNTY|AR|99999|832750|1066250|1288800|1601750
05|025|CLEVELANDCOUNTY|AR|38220|832750|1066250|1288800|1601750
05|027|COLUMBIACOUNTY|AR|31620|832750|1066250|1288800|1601750
05|029|CONWAYCOUNTY|AR|99999|832750|1066250|1288800|1601750
05|031|CRAIGHEADCOUNTY|AR|27860|832750|1066250|1288800|1601750
05|033|CRAWFORDCOUNTY|AR|22900|832750|1066250|1288800|1601750
05|035|CRITTENDENCOUNTY|AR|32820|832750|1066250|1288800|1601750
05|037|CROSSCOUNTY|AR|99999|832750|1066250|1288800|1601750
05|039|DALLASCOUNTY|AR|99999|832750|1066250|1288800|1601750
05|041|DESHACOUNTY|AR|99999|832750|1066250|1288800|1601750
05|043|DREWCOUNTY|AR|99999|832750|1066250|1288800|1601750
05|045|FAULKNERCOUNTY|AR|30780|832750|1066250|1288800|1601750
05|047|FRANKLINCOUNTY|AR|99999|832750|1066250|1288800|1601750
05|049|FULTONCOUNTY|AR|99999|832750|1066250|1288800|1601750
05|051|GARLANDCOUNTY|AR|26300|832750|1066250|1288800|1601750
05|053|GRANTCOUNTY|AR|30780|832750|1066250|1288800|1601750
05|055|GREENECOUNTY|AR|37500|832750|1066250|1288800|1601750
05|057|HEMPSTEADCOUNTY|AR|99999|832750|1066250|1288800|1601750
05|059|HOTSPRINGCOUNTY|AR|31680|832750|1066250|1288800|1601750
05|061|HOWARDCOUNTY|AR|99999|832750|1066250|1288800|1601750
05|063|INDEPENDENCECOUNTY|AR|12900|832750|1066250|1288800|1601750
05|065|IZARDCOUNTY|AR|99999|832750|1066250|1288800|1601750
05|067|JACKSONCOUNTY|AR|99999|832750|1066250|1288800|1601750
05|069|JEFFERSONCOUNTY|AR|38220|832750|1066250|1288800|1601750
05|071|JOHNSONCOUNTY|AR|99999|832750|1066250|1288800|1601750
05|073|LAFAYETTECOUNTY|AR|99999|832750|1066250|1288800|1601750
05|075|LAWRENCECOUNTY|AR|99999|832750|1066250|1288800|1601750
05|077|LEECOUNTY|AR|99999|832750|1066250|1288800|1601750
05|079|LINCOLNCOUNTY|AR|99999|832750|1066250|1288800|1601750
05|081|LITTLERIVERCOUNTY|AR|45500|832750|1066250|1288800|1601750
05|083|LOGANCOUNTY|AR|99999|832750|1066250|1288800|1601750
05|085|LONOKECOUNTY|AR|30780|832750|1066250|1288800|1601750
05|087|MADISONCOUNTY|AR|22220|832750|1066250|1288800|1601750
05|089|MARIONCOUNTY|AR|99999|832750|1066250|1288800|1601750
05|091|MILLERCOUNTY|AR|45500|832750|1066250|1288800|1601750
05|093|MISSISSIPPICOUNTY|AR|14180|832750|1066250|1288800|1601750
05|095|MONROECOUNTY|AR|99999|832750|1066250|1288800|1601750
05|097|MONTGOMERYCOUNTY|AR|99999|832750|1066250|1288800|1601750
05|099|NEVADACOUNTY|AR|99999|832750|1066250|1288800|1601750
05|101|NEWTONCOUNTY|AR|25460|832750|1066250|1288800|1601750
05|103|OUACHITACOUNTY|AR|15780|832750|1066250|1288800|1601750
05|105|PERRYCOUNTY|AR|30780|832750|1066250|1288800|1601750
05|107|PHILLIPSCOUNTY|AR|99999|832750|1066250|1288800|1601750
05|109|PIKECOUNTY|AR|99999|832750|1066250|1288800|1601750
05|111|POINSETTCOUNTY|AR|27860|832750|1066250|1288800|1601750
05|113|POLKCOUNTY|AR|99999|832750|1066250|1288800|1601750
05|115|POPECOUNTY|AR|40780|832750|1066250|1288800|1601750
05|117|PRAIRIECOUNTY|AR|99999|832750|1066250|1288800|1601750
05|119|PULASKICOUNTY|AR|30780|832750|1066250|1288800|1601750
05|121|RANDOLPHCOUNTY|AR|99999|832750|1066250|1288800|1601750
05|123|ST.FRANCISCOUNTY|AR|22620|832750|1066250|1288800|1601750
05|125|SALINECOUNTY|AR|30780|832750|1066250|1288800|1601750
05|127|SCOTTCOUNTY|AR|99999|832750|1066250|1288800|1601750
05|129|SEARCYCOUNTY|AR|99999|832750|1066250|1288800|1601750
05|131|SEBASTIANCOUNTY|AR|22900|832750|1066250|1288800|1601750
05|133|SEVIERCOUNTY|AR|99999|832750|1066250|1288800|1601750
05|135|SHARPCOUNTY|AR|99999|832750|1066250|1288800|1601750
05|137|STONECOUNTY|AR|99999|832750|1066250|1288800|1601750
05|139|UNIONCOUNTY|AR|20980|832750|1066250|1288800|1601750
05|141|VANBURENCOUNTY|AR|99999|832750|1066250|1288800|1601750
05|143|WASHINGTONCOUNTY|AR|22220|832750|1066250|1288800|1601750
05|145|WHITECOUNTY|AR|42620|832750|1066250|1288800|1601750
05|147|WOODRUFFCOUNTY|AR|99999|832750|1066250|1288800|1601750
05|149|YELLCOUNTY|AR|40780|832750|1066250|1288800|1601750
06|001|ALAMEDACOUNTY|CA|41860|1249125|1599375|1933200|2402625
06|003|ALPINECOUNTY|CA|23820|832750|1066250|1288800|1601750
06|005|AMADORCOUNTY|CA|99999|832750|1066250|1288800|1601750
06|007|BUTTECOUNTY|CA|17020|832750|1066250|1288800|1601750
06|009|CALAVERASCOUNTY|CA|99999|832750|1066250|1288800|1601750
06|011|COLUSACOUNTY|CA|99999|832750|1066250|1288800|1601750
06|013|CONTRACOSTACOUNTY|CA|41860|1249125|1599375|1933200|2402625
06|015|DELNORTECOUNTY|CA|18860|832750|1066250|1288800|1601750
06|017|ELDORADOCOUNTY|CA|40900|832750|1066250|1288800|1601750
06|019|FRESNOCOUNTY|CA|23420|832750|1066250|1288800|1601750
06|021|GLENNCOUNTY|CA|99999|832750|1066250|1288800|1601750
06|023|HUMBOLDTCOUNTY|CA|21700|832750|1066250|1288800|1601750
06|025|IMPERIALCOUNTY|CA|20940|832750|1066250|1288800|1601750
06|027|INYOCOUNTY|CA|13860|832750|1066250|1288800|1601750
06|029|KERNCOUNTY|CA|12540|832750|1066250|1288800|1601750
06|031|KINGSCOUNTY|CA|25260|832750|1066250|1288800|1601750
06|033|LAKECOUNTY|CA|17340|832750|1066250|1288800|1601750
06|035|LASSENCOUNTY|CA|45000|832750|1066250|1288800|1601750
06|037|LOSANGELESCOUNTY|CA|31080|1249125|1599375|1933200|2402625
06|039|MADERACOUNTY|CA|23420|832750|1066250|1288800|1601750
06|041|MARINCOUNTY|CA|41860|1249125|1599375|1933200|2402625
06|043|MARIPOSACOUNTY|CA|99999|832750|1066250|1288800|1601750
06|045|MENDOCINOCOUNTY|CA|46380|832750|1066250|1288800|1601750
06|047|MERCEDCOUNTY|CA|32900|832750|1066250|1288800|1601750
06|049|MODOCCOUNTY|CA|99999|832750|1066250|1288800|1601750
06|051|MONOCOUNTY|CA|99999|832750|1066250|1288800|1601750
06|053|MONTEREYCOUNTY|CA|41500|994750|1273450|1539350|1913000
06|055|NAPACOUNTY|CA|34900|1017750|1302900|1574900|1957250
06|057|NEVADACOUNTY|CA|46020|832750|1066250|1288800|1601750
06|059|ORANGECOUNTY|CA|31080|1249125|1599375|1933200|2402625
06|061|PLACERCOUNTY|CA|40900|832750|1066250|1288800|1601750
06|063|PLUMASCOUNTY|CA|99999|832750|1066250|1288800|1601750
06|065|RIVERSIDECOUNTY|CA|40140|832750|1066250|1288800|1601750
06|067|SACRAMENTOCOUNTY|CA|40900|832750|1066250|1288800|1601750
06|069|SANBENITOCOUNTY|CA|41940|1249125|1599375|1933200|2402625
06|071|SANBERNARDINOCOUNTY|CA|40140|832750|1066250|1288800|1601750
06|073|SANDIEGOCOUNTY|CA|41740|1104000|1413350|1708400|2123100
06|075|SANFRANCISCOCOUNTY|CA|41860|1249125|1599375|1933200|2402625
06|077|SANJOAQUINCOUNTY|CA|44700|832750|1066250|1288800|1601750
06|079|SANLUISOBISPOCOUNTY|CA|42020|1000500|1280850|1548250|1924100
06|081|SANMATEOCOUNTY|CA|41860|1249125|1599375|1933200|2402625
06|083|SANTABARBARACOUNTY|CA|42200|941850|1205750|1457450|1811300
06|085|SANTACLARACOUNTY|CA|41940|1249125|1599375|1933200|2402625
06|087|SANTACRUZCOUNTY|CA|42100|1249125|1599375|1933200|2402625
06|089|SHASTACOUNTY|CA|39820|832750|1066250|1288800|1601750
06|091|SIERRACOUNTY|CA|99999|832750|1066250|1288800|1601750
06|093|SISKIYOUCOUNTY|CA|99999|832750|1066250|1288800|1601750
06|095|SOLANOCOUNTY|CA|46700|832750|1066250|1288800|1601750
06|097|SONOMACOUNTY|CA|42220|897000|1148350|1388050|1725050
06|099|STANISLAUSCOUNTY|CA|33700|832750|1066250|1288800|1601750
06|101|SUTTERCOUNTY|CA|49700|832750|1066250|1288800|1601750
06|103|TEHAMACOUNTY|CA|39780|832750|1066250|1288800|1601750
06|105|TRINITYCOUNTY|CA|99999|832750|1066250|1288800|1601750
06|107|TULARECOUNTY|CA|47300|832750|1066250|1288800|1601750
06|109|TUOLUMNECOUNTY|CA|43760|832750|1066250|1288800|1601750
06|111|VENTURACOUNTY|CA|37100|1035000|1325000|1601600|1990450
06|113|YOLOCOUNTY|CA|40900|832750|1066250|1288800|1601750
06|115|YUBACOUNTY|CA|49700|832750|1066250|1288800|1601750
08|001|ADAMSCOUNTY|CO|19740|862500|1104150|1334700|1658700
08|003|ALAMOSACOUNTY|CO|10480|832750|1066250|1288800|1601750
08|005|ARAPAHOECOUNTY|CO|19740|862500|1104150|1334700|1658700
08|007|ARCHULETACOUNTY|CO|99999|832750|1066250|1288800|1601750
08|009|BACACOUNTY|CO|99999|832750|1066250|1288800|1601750
08|011|BENTCOUNTY|CO|99999|832750|1066250|1288800|1601750
08|013|BOULDERCOUNTY|CO|14500|879750|1126250|1361350|1691850
08|014|BROOMFIELDCOUNTY|CO|19740|862500|1104150|1334700|1658700
08|015|CHAFFEECOUNTY|CO|99999|832750|1066250|1288800|1601750
08|017|CHEYENNECOUNTY|CO|99999|832750|1066250|1288800|1601750
08|019|CLEARCREEKCOUNTY|CO|19740|862500|1104150|1334700|1658700
08|021|CONEJOSCOUNTY|CO|10480|832750|1066250|1288800|1601750
08|023|COSTILLACOUNTY|CO|10480|832750|1066250|1288800|1601750
08|025|CROWLEYCOUNTY|CO|99999|832750|1066250|1288800|1601750
08|027|CUSTERCOUNTY|CO|99999|832750|1066250|1288800|1601750
08|029|DELTACOUNTY|CO|99999|832750|1066250|1288800|1601750
08|031|DENVERCOUNTY|CO|19740|862500|1104150|1334700|1658700
08|033|DOLORESCOUNTY|CO|99999|832750|1066250|1288800|1601750
08|035|DOUGLASCOUNTY|CO|19740|862500|1104150|1334700|1658700
08|037|EAGLECOUNTY|CO|20780|1249125|1599375|1933200|2402625
08|039|ELBERTCOUNTY|CO|19740|862500|1104150|1334700|1658700
08|041|ELPASOCOUNTY|CO|17820|832750|1066250|1288800|1601750
08|043|FREMONTCOUNTY|CO|15860|832750|1066250|1288800|1601750
08|045|GARFIELDCOUNTY|CO|40090|1209750|1548975|1872225|2326875
08|047|GILPINCOUNTY|CO|19740|862500|1104150|1334700|1658700
08|049|GRANDCOUNTY|CO|99999|883200|1130650|1366700|1698500
08|051|GUNNISONCOUNTY|CO|99999|832750|1066250|1288800|1601750
08|053|HINSDALECOUNTY|CO|99999|832750|1066250|1288800|1601750
08|055|HUERFANOCOUNTY|CO|99999|832750|1066250|1288800|1601750
08|057|JACKSONCOUNTY|CO|99999|832750|1066250|1288800|1601750
08|059|JEFFERSONCOUNTY|CO|19740|862500|1104150|1334700|1658700
08|061|KIOWACOUNTY|CO|99999|832750|1066250|1288800|1601750
08|063|KITCARSONCOUNTY|CO|99999|832750|1066250|1288800|1601750
08|065|LAKECOUNTY|CO|14720|1092500|1398600|1690600|2101000
08|067|LAPLATACOUNTY|CO|20420|832750|1066250|1288800|1601750
08|069|LARIMERCOUNTY|CO|22660|832750|1066250|1288800|1601750
08|071|LASANIMASCOUNTY|CO|99999|832750|1066250|1288800|1601750
08|073|LINCOLNCOUNTY|CO|99999|832750|1066250|1288800|1601750
08|075|LOGANCOUNTY|CO|44540|832750|1066250|1288800|1601750
08|077|MESACOUNTY|CO|24300|832750|1066250|1288800|1601750
08|079|MINERALCOUNTY|CO|99999|832750|1066250|1288800|1601750
08|081|MOFFATCOUNTY|CO|44460|1089050|1394200|1685250|2094350
08|083|MONTEZUMACOUNTY|CO|99999|832750|1066250|1288800|1601750
08|085|MONTROSECOUNTY|CO|33940|832750|1066250|1288800|1601750
08|087|MORGANCOUNTY|CO|22820|832750|1066250|1288800|1601750
08|089|OTEROCOUNTY|CO|99999|832750|1066250|1288800|1601750
08|091|OURAYCOUNTY|CO|99999|832750|1066250|1288800|1601750
08|093|PARKCOUNTY|CO|19740|862500|1104150|1334700|1658700
08|095|PHILLIPSCOUNTY|CO|99999|832750|1066250|1288800|1601750
08|097|PITKINCOUNTY|CO|40090|1209750|1548975|1872225|2326875
08|099|PROWERSCOUNTY|CO|99999|832750|1066250|1288800|1601750
08|101|PUEBLOCOUNTY|CO|39380|832750|1066250|1288800|1601750
08|103|RIOBLANCOCOUNTY|CO|99999|832750|1066250|1288800|1601750
08|105|RIOGRANDECOUNTY|CO|99999|832750|1066250|1288800|1601750
08|107|ROUTTCOUNTY|CO|44460|1089050|1394200|1685250|2094350
08|109|SAGUACHECOUNTY|CO|99999|832750|1066250|1288800|1601750
08|111|SANJUANCOUNTY|CO|99999|832750|1066250|1288800|1601750
08|113|SANMIGUELCOUNTY|CO|99999|994750|1273450|1539350|1913000
08|115|SEDGWICKCOUNTY|CO|99999|832750|1066250|1288800|1601750
08|117|SUMMITCOUNTY|CO|14720|1092500|1398600|1690600|2101000
08|119|TELLERCOUNTY|CO|17820|832750|1066250|1288800|1601750
08|121|WASHINGTONCOUNTY|CO|99999|832750|1066250|1288800|1601750
08|123|WELDCOUNTY|CO|24540|832750|1066250|1288800|1601750
08|125|YUMACOUNTY|CO|99999|832750|1066250|1288800|1601750
09|110|CapitolPlanningRegion|CT|25540|832750|1066250|1288800|1601750
09|120|GreaterBridgeportPlanningRegion|CT|14860|977500|1251400|1512650|1879850
09|130|LowerConnecticutRiverValleyPlanningRegion|CT|25540|832750|1066250|1288800|1601750
09|140|NaugatuckValleyPlanningRegion|CT|47930|851000|1089450|1316900|1636550
09|150|NortheasternConnecticutPlanningRegion|CT|39480|832750|1066250|1288800|1601750
09|160|NorthwestHillsPlanningRegion|CT|45860|832750|1066250|1288800|1601750
09|170|SouthCentralConnecticutPlanningRegion|CT|35300|832750|1066250|1288800|1601750
09|180|SoutheasternConnecticutPlanningRegion|CT|35980|832750|1066250|1288800|1601750
09|190|WesternConnecticutPlanningRegion|CT|14860|977500|1251400|1512650|1879850
10|001|KENTCOUNTY|DE|20100|832750|1066250|1288800|1601750
10|003|NEWCASTLECOUNTY|DE|37980|832750|1066250|1288800|1601750
10|005|SUSSEXCOUNTY|DE|42580|832750|1066250|1288800|1601750
11|001|DISTRICTOFCOLUMBIA|DC|47900|1249125|1599375|1933200|2402625
12|001|ALACHUACOUNTY|FL|23540|832750|1066250|1288800|1601750
12|003|BAKERCOUNTY|FL|27260|832750|1066250|1288800|1601750
12|005|BAYCOUNTY|FL|37460|832750|1066250|1288800|1601750
12|007|BRADFORDCOUNTY|FL|99999|832750|1066250|1288800|1601750
12|009|BREVARDCOUNTY|FL|37340|832750|1066250|1288800|1601750
12|011|BROWARDCOUNTY|FL|33100|832750|1066250|1288800|1601750
12|013|CALHOUNCOUNTY|FL|99999|832750|1066250|1288800|1601750
12|015|CHARLOTTECOUNTY|FL|39460|832750|1066250|1288800|1601750
12|017|CITRUSCOUNTY|FL|26140|832750|1066250|1288800|1601750
12|019|CLAYCOUNTY|FL|27260|832750|1066250|1288800|1601750
12|021|COLLIERCOUNTY|FL|34940|832750|1066250|1288800|1601750
12|023|COLUMBIACOUNTY|FL|29380|832750|1066250|1288800|1601750
12|027|DESOTOCOUNTY|FL|11580|832750|1066250|1288800|1601750
12|029|DIXIECOUNTY|FL|99999|832750|1066250|1288800|1601750
12|031|DUVALCOUNTY|FL|27260|832750|1066250|1288800|1601750
12|033|ESCAMBIACOUNTY|FL|37860|832750|1066250|1288800|1601750
12|035|FLAGLERCOUNTY|FL|19660|832750|1066250|1288800|1601750
12|037|FRANKLINCOUNTY|FL|99999|832750|1066250|1288800|1601750
12|039|GADSDENCOUNTY|FL|45220|832750|1066250|1288800|1601750
12|041|GILCHRISTCOUNTY|FL|23540|832750|1066250|1288800|1601750
12|043|GLADESCOUNTY|FL|17500|832750|1066250|1288800|1601750
12|045|GULFCOUNTY|FL|99999|832750|1066250|1288800|1601750
12|047|HAMILTONCOUNTY|FL|99999|832750|1066250|1288800|1601750
12|049|HARDEECOUNTY|FL|99999|832750|1066250|1288800|1601750
12|051|HENDRYCOUNTY|FL|17500|832750|1066250|1288800|1601750
12|053|HERNANDOCOUNTY|FL|45300|832750|1066250|1288800|1601750
12|055|HIGHLANDSCOUNTY|FL|42700|832750|1066250|1288800|1601750
12|057|HILLSBOROUGHCOUNTY|FL|45300|832750|1066250|1288800|1601750
12|059|HOLMESCOUNTY|FL|99999|832750|1066250|1288800|1601750
12|061|INDIANRIVERCOUNTY|FL|42680|832750|1066250|1288800|1601750
12|063|JACKSONCOUNTY|FL|99999|832750|1066250|1288800|1601750
12|065|JEFFERSONCOUNTY|FL|45220|832750|1066250|1288800|1601750
12|067|LAFAYETTECOUNTY|FL|99999|832750|1066250|1288800|1601750
12|069|LAKECOUNTY|FL|36740|832750|1066250|1288800|1601750
12|071|LEECOUNTY|FL|15980|832750|1066250|1288800|1601750
12|073|LEONCOUNTY|FL|45220|832750|1066250|1288800|1601750
12|075|LEVYCOUNTY|FL|23540|832750|1066250|1288800|1601750
12|077|LIBERTYCOUNTY|FL|99999|832750|1066250|1288800|1601750
12|079|MADISONCOUNTY|FL|99999|832750|1066250|1288800|1601750
12|081|MANATEECOUNTY|FL|35840|832750|1066250|1288800|1601750
12|083|MARIONCOUNTY|FL|36100|832750|1066250|1288800|1601750
12|085|MARTINCOUNTY|FL|38940|832750|1066250|1288800|1601750
12|086|MIAMI-DADECOUNTY|FL|33100|832750|1066250|1288800|1601750
12|087|MONROECOUNTY|FL|28580|990150|1267600|1532200|1904150
12|089|NASSAUCOUNTY|FL|27260|832750|1066250|1288800|1601750
12|091|OKALOOSACOUNTY|FL|18880|832750|1066250|1288800|1601750
12|093|OKEECHOBEECOUNTY|FL|36380|832750|1066250|1288800|1601750
12|095|ORANGECOUNTY|FL|36740|832750|1066250|1288800|1601750
12|097|OSCEOLACOUNTY|FL|36740|832750|1066250|1288800|1601750
12|099|PALMBEACHCOUNTY|FL|33100|832750|1066250|1288800|1601750
12|101|PASCOCOUNTY|FL|45300|832750|1066250|1288800|1601750
12|103|PINELLASCOUNTY|FL|45300|832750|1066250|1288800|1601750
12|105|POLKCOUNTY|FL|29460|832750|1066250|1288800|1601750
12|107|PUTNAMCOUNTY|FL|37260|832750|1066250|1288800|1601750
12|109|ST.JOHNSCOUNTY|FL|27260|832750|1066250|1288800|1601750
12|111|ST.LUCIECOUNTY|FL|38940|832750|1066250|1288800|1601750
12|113|SANTAROSACOUNTY|FL|37860|832750|1066250|1288800|1601750
12|115|SARASOTACOUNTY|FL|35840|832750|1066250|1288800|1601750
12|117|SEMINOLECOUNTY|FL|36740|832750|1066250|1288800|1601750
12|119|SUMTERCOUNTY|FL|48680|832750|1066250|1288800|1601750
12|121|SUWANNEECOUNTY|FL|99999|832750|1066250|1288800|1601750
12|123|TAYLORCOUNTY|FL|99999|832750|1066250|1288800|1601750
12|125|UNIONCOUNTY|FL|99999|832750|1066250|1288800|1601750
12|127|VOLUSIACOUNTY|FL|19660|832750|1066250|1288800|1601750
12|129|WAKULLACOUNTY|FL|45220|832750|1066250|1288800|1601750
12|131|WALTONCOUNTY|FL|18880|832750|1066250|1288800|1601750
12|133|WASHINGTONCOUNTY|FL|37460|832750|1066250|1288800|1601750
13|001|APPLINGCOUNTY|GA|99999|832750|1066250|1288800|1601750
13|003|ATKINSONCOUNTY|GA|20060|832750|1066250|1288800|1601750
13|005|BACONCOUNTY|GA|99999|832750|1066250|1288800|1601750
13|007|BAKERCOUNTY|GA|99999|832750|1066250|1288800|1601750
13|009|BALDWINCOUNTY|GA|33300|832750|1066250|1288800|1601750
13|011|BANKSCOUNTY|GA|99999|832750|1066250|1288800|1601750
13|013|BARROWCOUNTY|GA|12060|832750|1066250|1288800|1601750
13|015|BARTOWCOUNTY|GA|12060|832750|1066250|1288800|1601750
13|017|BENHILLCOUNTY|GA|22340|832750|1066250|1288800|1601750
13|019|BERRIENCOUNTY|GA|99999|832750|1066250|1288800|1601750
13|021|BIBBCOUNTY|GA|31420|832750|1066250|1288800|1601750
13|023|BLECKLEYCOUNTY|GA|99999|832750|1066250|1288800|1601750
13|025|BRANTLEYCOUNTY|GA|15260|832750|1066250|1288800|1601750
13|027|BROOKSCOUNTY|GA|46660|832750|1066250|1288800|1601750
13|029|BRYANCOUNTY|GA|42340|832750|1066250|1288800|1601750
13|031|BULLOCHCOUNTY|GA|44340|832750|1066250|1288800|1601750
13|033|BURKECOUNTY|GA|12260|832750|1066250|1288800|1601750
13|035|BUTTSCOUNTY|GA|12060|832750|1066250|1288800|1601750
13|037|CALHOUNCOUNTY|GA|99999|832750|1066250|1288800|1601750
13|039|CAMDENCOUNTY|GA|28680|832750|1066250|1288800|1601750
13|043|CANDLERCOUNTY|GA|99999|832750|1066250|1288800|1601750
13|045|CARROLLCOUNTY|GA|12060|832750|1066250|1288800|1601750
13|047|CATOOSACOUNTY|GA|16860|832750|1066250|1288800|1601750
13|049|CHARLTONCOUNTY|GA|99999|832750|1066250|1288800|1601750
13|051|CHATHAMCOUNTY|GA|42340|832750|1066250|1288800|1601750
13|053|CHATTAHOOCHEECOUNTY|GA|17980|832750|1066250|1288800|1601750
13|055|CHATTOOGACOUNTY|GA|44900|832750|1066250|1288800|1601750
13|057|CHEROKEECOUNTY|GA|12060|832750|1066250|1288800|1601750
13|059|CLARKECOUNTY|GA|12020|832750|1066250|1288800|1601750
13|061|CLAYCOUNTY|GA|99999|832750|1066250|1288800|1601750
13|063|CLAYTONCOUNTY|GA|12060|832750|1066250|1288800|1601750
13|065|CLINCHCOUNTY|GA|99999|832750|1066250|1288800|1601750
13|067|COBBCOUNTY|GA|12060|832750|1066250|1288800|1601750
13|069|COFFEECOUNTY|GA|20060|832750|1066250|1288800|1601750
13|071|COLQUITTCOUNTY|GA|34220|832750|1066250|1288800|1601750
13|073|COLUMBIACOUNTY|GA|12260|832750|1066250|1288800|1601750
13|075|COOKCOUNTY|GA|99999|832750|1066250|1288800|1601750
13|077|COWETACOUNTY|GA|12060|832750|1066250|1288800|1601750
13|079|CRAWFORDCOUNTY|GA|31420|832750|1066250|1288800|1601750
13|081|CRISPCOUNTY|GA|18380|832750|1066250|1288800|1601750
13|083|DADECOUNTY|GA|16860|832750|1066250|1288800|1601750
13|085|DAWSONCOUNTY|GA|12060|832750|1066250|1288800|1601750
13|087|DECATURCOUNTY|GA|12460|832750|1066250|1288800|1601750
13|089|DEKALBCOUNTY|GA|12060|832750|1066250|1288800|1601750
13|091|DODGECOUNTY|GA|99999|832750|1066250|1288800|1601750
13|093|DOOLYCOUNTY|GA|99999|832750|1066250|1288800|1601750
13|095|DOUGHERTYCOUNTY|GA|10500|832750|1066250|1288800|1601750
13|097|DOUGLASCOUNTY|GA|12060|832750|1066250|1288800|1601750
13|099|EARLYCOUNTY|GA|99999|832750|1066250|1288800|1601750
13|101|ECHOLSCOUNTY|GA|46660|832750|1066250|1288800|1601750
13|103|EFFINGHAMCOUNTY|GA|42340|832750|1066250|1288800|1601750
13|105|ELBERTCOUNTY|GA|99999|832750|1066250|1288800|1601750
13|107|EMANUELCOUNTY|GA|99999|832750|1066250|1288800|1601750
13|109|EVANSCOUNTY|GA|44340|832750|1066250|1288800|1601750
13|111|FANNINCOUNTY|GA|99999|832750|1066250|1288800|1601750
13|113|FAYETTECOUNTY|GA|12060|832750|1066250|1288800|1601750
13|115|FLOYDCOUNTY|GA|40660|832750|1066250|1288800|1601750
13|117|FORSYTHCOUNTY|GA|12060|832750|1066250|1288800|1601750
13|119|FRANKLINCOUNTY|GA|99999|832750|1066250|1288800|1601750
13|121|FULTONCOUNTY|GA|12060|832750|1066250|1288800|1601750
13|123|GILMERCOUNTY|GA|99999|832750|1066250|1288800|1601750
13|125|GLASCOCKCOUNTY|GA|99999|832750|1066250|1288800|1601750
13|127|GLYNNCOUNTY|GA|15260|832750|1066250|1288800|1601750
13|129|GORDONCOUNTY|GA|15660|832750|1066250|1288800|1601750
13|131|GRADYCOUNTY|GA|45620|832750|1066250|1288800|1601750
13|133|GREENECOUNTY|GA|99999|832750|1066250|1288800|1601750
13|135|GWINNETTCOUNTY|GA|12060|832750|1066250|1288800|1601750
13|137|HABERSHAMCOUNTY|GA|18460|832750|1066250|1288800|1601750
13|139|HALLCOUNTY|GA|23580|832750|1066250|1288800|1601750
13|141|HANCOCKCOUNTY|GA|99999|832750|1066250|1288800|1601750
13|143|HARALSONCOUNTY|GA|12060|832750|1066250|1288800|1601750
13|145|HARRISCOUNTY|GA|17980|832750|1066250|1288800|1601750
13|147|HARTCOUNTY|GA|99999|832750|1066250|1288800|1601750
13|149|HEARDCOUNTY|GA|12060|832750|1066250|1288800|1601750
13|151|HENRYCOUNTY|GA|12060|832750|1066250|1288800|1601750
13|153|HOUSTONCOUNTY|GA|47580|832750|1066250|1288800|1601750
13|155|IRWINCOUNTY|GA|99999|832750|1066250|1288800|1601750
13|157|JACKSONCOUNTY|GA|27600|832750|1066250|1288800|1601750
13|159|JASPERCOUNTY|GA|12060|832750|1066250|1288800|1601750
13|161|JEFFDAVISCOUNTY|GA|99999|832750|1066250|1288800|1601750
13|163|JEFFERSONCOUNTY|GA|99999|832750|1066250|1288800|1601750
13|165|JENKINSCOUNTY|GA|99999|832750|1066250|1288800|1601750
13|167|JOHNSONCOUNTY|GA|20140|832750|1066250|1288800|1601750
13|169|JONESCOUNTY|GA|31420|832750|1066250|1288800|1601750
13|171|LAMARCOUNTY|GA|99999|832750|1066250|1288800|1601750
13|173|LANIERCOUNTY|GA|46660|832750|1066250|1288800|1601750
13|175|LAURENSCOUNTY|GA|20140|832750|1066250|1288800|1601750
13|177|LEECOUNTY|GA|10500|832750|1066250|1288800|1601750
13|179|LIBERTYCOUNTY|GA|25980|832750|1066250|1288800|1601750
13|181|LINCOLNCOUNTY|GA|12260|832750|1066250|1288800|1601750
13|183|LONGCOUNTY|GA|25980|832750|1066250|1288800|1601750
13|185|LOWNDESCOUNTY|GA|46660|832750|1066250|1288800|1601750
13|187|LUMPKINCOUNTY|GA|12060|832750|1066250|1288800|1601750
13|189|MCDUFFIECOUNTY|GA|12260|832750|1066250|1288800|1601750
13|191|MCINTOSHCOUNTY|GA|15260|832750|1066250|1288800|1601750
13|193|MACONCOUNTY|GA|99999|832750|1066250|1288800|1601750
13|195|MADISONCOUNTY|GA|12020|832750|1066250|1288800|1601750
13|197|MARIONCOUNTY|GA|17980|832750|1066250|1288800|1601750
13|199|MERIWETHERCOUNTY|GA|12060|832750|1066250|1288800|1601750
13|201|MILLERCOUNTY|GA|99999|832750|1066250|1288800|1601750
13|205|MITCHELLCOUNTY|GA|99999|832750|1066250|1288800|1601750
13|207|MONROECOUNTY|GA|31420|832750|1066250|1288800|1601750
13|209|MONTGOMERYCOUNTY|GA|47080|832750|1066250|1288800|1601750
13|211|MORGANCOUNTY|GA|12060|832750|1066250|1288800|1601750
13|213|MURRAYCOUNTY|GA|19140|832750|1066250|1288800|1601750
13|215|MUSCOGEECOUNTY|GA|17980|832750|1066250|1288800|1601750
13|217|NEWTONCOUNTY|GA|12060|832750|1066250|1288800|1601750
13|219|OCONEECOUNTY|GA|12020|832750|1066250|1288800|1601750
13|221|OGLETHORPECOUNTY|GA|12020|832750|1066250|1288800|1601750
13|223|PAULDINGCOUNTY|GA|12060|832750|1066250|1288800|1601750
13|225|PEACHCOUNTY|GA|47580|832750|1066250|1288800|1601750
13|227|PICKENSCOUNTY|GA|12060|832750|1066250|1288800|1601750
13|229|PIERCECOUNTY|GA|48180|832750|1066250|1288800|1601750
13|231|PIKECOUNTY|GA|12060|832750|1066250|1288800|1601750
13|233|POLKCOUNTY|GA|16340|832750|1066250|1288800|1601750
13|235|PULASKICOUNTY|GA|99999|832750|1066250|1288800|1601750
13|237|PUTNAMCOUNTY|GA|99999|832750|1066250|1288800|1601750
13|239|QUITMANCOUNTY|GA|21640|832750|1066250|1288800|1601750
13|241|RABUNCOUNTY|GA|99999|832750|1066250|1288800|1601750
13|243|RANDOLPHCOUNTY|GA|99999|832750|1066250|1288800|1601750
13|245|RICHMONDCOUNTY|GA|12260|832750|1066250|1288800|1601750
13|247|ROCKDALECOUNTY|GA|12060|832750|1066250|1288800|1601750
13|249|SCHLEYCOUNTY|GA|11140|832750|1066250|1288800|1601750
13|251|SCREVENCOUNTY|GA|99999|832750|1066250|1288800|1601750
13|253|SEMINOLECOUNTY|GA|99999|832750|1066250|1288800|1601750
13|255|SPALDINGCOUNTY|GA|12060|832750|1066250|1288800|1601750
13|257|STEPHENSCOUNTY|GA|45740|832750|1066250|1288800|1601750
13|259|STEWARTCOUNTY|GA|17980|832750|1066250|1288800|1601750
13|261|SUMTERCOUNTY|GA|11140|832750|1066250|1288800|1601750
13|263|TALBOTCOUNTY|GA|17980|832750|1066250|1288800|1601750
13|265|TALIAFERROCOUNTY|GA|99999|832750|1066250|1288800|1601750
13|267|TATTNALLCOUNTY|GA|99999|832750|1066250|1288800|1601750
13|269|TAYLORCOUNTY|GA|99999|832750|1066250|1288800|1601750
13|271|TELFAIRCOUNTY|GA|99999|832750|1066250|1288800|1601750
13|273|TERRELLCOUNTY|GA|10500|832750|1066250|1288800|1601750
13|275|THOMASCOUNTY|GA|45620|832750|1066250|1288800|1601750
13|277|TIFTCOUNTY|GA|45700|832750|1066250|1288800|1601750
13|279|TOOMBSCOUNTY|GA|47080|832750|1066250|1288800|1601750
13|281|TOWNSCOUNTY|GA|99999|832750|1066250|1288800|1601750
13|283|TREUTLENCOUNTY|GA|99999|832750|1066250|1288800|1601750
13|285|TROUPCOUNTY|GA|29300|832750|1066250|1288800|1601750
13|287|TURNERCOUNTY|GA|45700|832750|1066250|1288800|1601750
13|289|TWIGGSCOUNTY|GA|31420|832750|1066250|1288800|1601750
13|291|UNIONCOUNTY|GA|99999|832750|1066250|1288800|1601750
13|293|UPSONCOUNTY|GA|45580|832750|1066250|1288800|1601750
13|295|WALKERCOUNTY|GA|16860|832750|1066250|1288800|1601750
13|297|WALTONCOUNTY|GA|12060|832750|1066250|1288800|1601750
13|299|WARECOUNTY|GA|48180|832750|1066250|1288800|1601750
13|301|WARRENCOUNTY|GA|99999|832750|1066250|1288800|1601750
13|303|WASHINGTONCOUNTY|GA|99999|832750|1066250|1288800|1601750
13|305|WAYNECOUNTY|GA|27700|832750|1066250|1288800|1601750
13|307|WEBSTERCOUNTY|GA|99999|832750|1066250|1288800|1601750
13|309|WHEELERCOUNTY|GA|99999|832750|1066250|1288800|1601750
13|311|WHITECOUNTY|GA|99999|832750|1066250|1288800|1601750
13|313|WHITFIELDCOUNTY|GA|19140|832750|1066250|1288800|1601750
13|315|WILCOXCOUNTY|GA|99999|832750|1066250|1288800|1601750
13|317|WILKESCOUNTY|GA|99999|832750|1066250|1288800|1601750
13|319|WILKINSONCOUNTY|GA|99999|832750|1066250|1288800|1601750
13|321|WORTHCOUNTY|GA|10500|832750|1066250|1288800|1601750
15|001|HAWAIICOUNTY|HI|25900|1249125|1599375|1933200|2402625
15|003|HONOLULUCOUNTY|HI|46520|1249125|1599375|1933200|2402625
15|005|KALAWAOCOUNTY|HI|27980|1299500|1663600|2010950|2499100
15|007|KAUAICOUNTY|HI|28180|1249125|1599375|1933200|2402625
15|009|MAUICOUNTY|HI|27980|1299500|1663600|2010950|2499100
16|001|ADACOUNTY|ID|14260|832750|1066250|1288800|1601750
16|003|ADAMSCOUNTY|ID|99999|832750|1066250|1288800|1601750
16|005|BANNOCKCOUNTY|ID|38540|832750|1066250|1288800|1601750
16|007|BEARLAKECOUNTY|ID|99999|832750|1066250|1288800|1601750
16|009|BENEWAHCOUNTY|ID|99999|832750|1066250|1288800|1601750
16|011|BINGHAMCOUNTY|ID|13940|832750|1066250|1288800|1601750
16|013|BLAINECOUNTY|ID|25200|832750|1066250|1288800|1601750
16|015|BOISECOUNTY|ID|14260|832750|1066250|1288800|1601750
16|017|BONNERCOUNTY|ID|41760|832750|1066250|1288800|1601750
16|019|BONNEVILLECOUNTY|ID|26820|832750|1066250|1288800|1601750
16|021|BOUNDARYCOUNTY|ID|99999|832750|1066250|1288800|1601750
16|023|BUTTECOUNTY|ID|26820|832750|1066250|1288800|1601750
16|025|CAMASCOUNTY|ID|25200|832750|1066250|1288800|1601750
16|027|CANYONCOUNTY|ID|14260|832750|1066250|1288800|1601750
16|029|CARIBOUCOUNTY|ID|99999|832750|1066250|1288800|1601750
16|031|CASSIACOUNTY|ID|15420|832750|1066250|1288800|1601750
16|033|CLARKCOUNTY|ID|99999|832750|1066250|1288800|1601750
16|035|CLEARWATERCOUNTY|ID|99999|832750|1066250|1288800|1601750
16|037|CUSTERCOUNTY|ID|99999|832750|1066250|1288800|1601750
16|039|ELMORECOUNTY|ID|34300|832750|1066250|1288800|1601750
16|041|FRANKLINCOUNTY|ID|30860|832750|1066250|1288800|1601750
16|043|FREMONTCOUNTY|ID|39940|832750|1066250|1288800|1601750
16|045|GEMCOUNTY|ID|14260|832750|1066250|1288800|1601750
16|047|GOODINGCOUNTY|ID|99999|832750|1066250|1288800|1601750
16|049|IDAHOCOUNTY|ID|99999|832750|1066250|1288800|1601750
16|051|JEFFERSONCOUNTY|ID|26820|832750|1066250|1288800|1601750
16|053|JEROMECOUNTY|ID|46300|832750|1066250|1288800|1601750
16|055|KOOTENAICOUNTY|ID|17660|832750|1066250|1288800|1601750
16|057|LATAHCOUNTY|ID|34140|832750|1066250|1288800|1601750
16|059|LEMHICOUNTY|ID|99999|832750|1066250|1288800|1601750
16|061|LEWISCOUNTY|ID|99999|832750|1066250|1288800|1601750
16|063|LINCOLNCOUNTY|ID|25200|832750|1066250|1288800|1601750
16|065|MADISONCOUNTY|ID|39940|832750|1066250|1288800|1601750
16|067|MINIDOKACOUNTY|ID|15420|832750|1066250|1288800|1601750
16|069|NEZPERCECOUNTY|ID|30300|832750|1066250|1288800|1601750
16|071|ONEIDACOUNTY|ID|14940|832750|1066250|1288800|1601750
16|073|OWYHEECOUNTY|ID|14260|832750|1066250|1288800|1601750
16|075|PAYETTECOUNTY|ID|36620|832750|1066250|1288800|1601750
16|077|POWERCOUNTY|ID|99999|832750|1066250|1288800|1601750
16|079|SHOSHONECOUNTY|ID|99999|832750|1066250|1288800|1601750
16|081|TETONCOUNTY|ID|27220|1249125|1599375|1933200|2402625
16|083|TWINFALLSCOUNTY|ID|46300|832750|1066250|1288800|1601750
16|085|VALLEYCOUNTY|ID|99999|832750|1066250|1288800|1601750
16|087|WASHINGTONCOUNTY|ID|99999|832750|1066250|1288800|1601750
17|001|ADAMSCOUNTY|IL|39500|832750|1066250|1288800|1601750
17|003|ALEXANDERCOUNTY|IL|16020|832750|1066250|1288800|1601750
17|005|BONDCOUNTY|IL|41180|832750|1066250|1288800|1601750
17|007|BOONECOUNTY|IL|40420|832750|1066250|1288800|1601750
17|009|BROWNCOUNTY|IL|99999|832750|1066250|1288800|1601750
17|011|BUREAUCOUNTY|IL|36837|832750|1066250|1288800|1601750
17|013|CALHOUNCOUNTY|IL|41180|832750|1066250|1288800|1601750
17|015|CARROLLCOUNTY|IL|99999|832750|1066250|1288800|1601750
17|017|CASSCOUNTY|IL|99999|832750|1066250|1288800|1601750
17|019|CHAMPAIGNCOUNTY|IL|16580|832750|1066250|1288800|1601750
17|021|CHRISTIANCOUNTY|IL|45380|832750|1066250|1288800|1601750
17|023|CLARKCOUNTY|IL|99999|832750|1066250|1288800|1601750
17|025|CLAYCOUNTY|IL|99999|832750|1066250|1288800|1601750
17|027|CLINTONCOUNTY|IL|41180|832750|1066250|1288800|1601750
17|029|COLESCOUNTY|IL|16660|832750|1066250|1288800|1601750
17|031|COOKCOUNTY|IL|16980|832750|1066250|1288800|1601750
17|033|CRAWFORDCOUNTY|IL|99999|832750|1066250|1288800|1601750
17|035|CUMBERLANDCOUNTY|IL|20820|832750|1066250|1288800|1601750
17|037|DEKALBCOUNTY|IL|16980|832750|1066250|1288800|1601750
17|039|DEWITTCOUNTY|IL|99999|832750|1066250|1288800|1601750
17|041|DOUGLASCOUNTY|IL|99999|832750|1066250|1288800|1601750
17|043|DUPAGECOUNTY|IL|16980|832750|1066250|1288800|1601750
17|045|EDGARCOUNTY|IL|99999|832750|1066250|1288800|1601750
17|047|EDWARDSCOUNTY|IL|99999|832750|1066250|1288800|1601750
17|049|EFFINGHAMCOUNTY|IL|20820|832750|1066250|1288800|1601750
17|051|FAYETTECOUNTY|IL|99999|832750|1066250|1288800|1601750
17|053|FORDCOUNTY|IL|16580|832750|1066250|1288800|1601750
17|055|FRANKLINCOUNTY|IL|99999|832750|1066250|1288800|1601750
17|057|FULTONCOUNTY|IL|15900|832750|1066250|1288800|1601750
17|059|GALLATINCOUNTY|IL|99999|832750|1066250|1288800|1601750
17|061|GREENECOUNTY|IL|99999|832750|1066250|1288800|1601750
17|063|GRUNDYCOUNTY|IL|16980|832750|1066250|1288800|1601750
17|065|HAMILTONCOUNTY|IL|99999|832750|1066250|1288800|1601750
17|067|HANCOCKCOUNTY|IL|99999|832750|1066250|1288800|1601750
17|069|HARDINCOUNTY|IL|99999|832750|1066250|1288800|1601750
17|071|HENDERSONCOUNTY|IL|15460|832750|1066250|1288800|1601750
17|073|HENRYCOUNTY|IL|19340|832750|1066250|1288800|1601750
17|075|IROQUOISCOUNTY|IL|99999|832750|1066250|1288800|1601750
17|077|JACKSONCOUNTY|IL|16060|832750|1066250|1288800|1601750
17|079|JASPERCOUNTY|IL|99999|832750|1066250|1288800|1601750
17|081|JEFFERSONCOUNTY|IL|34500|832750|1066250|1288800|1601750
17|083|JERSEYCOUNTY|IL|41180|832750|1066250|1288800|1601750
17|085|JODAVIESSCOUNTY|IL|99999|832750|1066250|1288800|1601750
17|087|JOHNSONCOUNTY|IL|99999|832750|1066250|1288800|1601750
17|089|KANECOUNTY|IL|16980|832750|1066250|1288800|1601750
17|091|KANKAKEECOUNTY|IL|28100|832750|1066250|1288800|1601750
17|093|KENDALLCOUNTY|IL|16980|832750|1066250|1288800|1601750
17|095|KNOXCOUNTY|IL|23660|832750|1066250|1288800|1601750
17|097|LAKECOUNTY|IL|16980|832750|1066250|1288800|1601750
17|099|LASALLECOUNTY|IL|36837|832750|1066250|1288800|1601750
17|101|LAWRENCECOUNTY|IL|99999|832750|1066250|1288800|1601750
17|103|LEECOUNTY|IL|19940|832750|1066250|1288800|1601750
17|105|LIVINGSTONCOUNTY|IL|38700|832750|1066250|1288800|1601750
17|107|LOGANCOUNTY|IL|30660|832750|1066250|1288800|1601750
17|109|MCDONOUGHCOUNTY|IL|31380|832750|1066250|1288800|1601750
17|111|MCHENRYCOUNTY|IL|16980|832750|1066250|1288800|1601750
17|113|MCLEANCOUNTY|IL|14010|832750|1066250|1288800|1601750
17|115|MACONCOUNTY|IL|19500|832750|1066250|1288800|1601750
17|117|MACOUPINCOUNTY|IL|41180|832750|1066250|1288800|1601750
17|119|MADISONCOUNTY|IL|41180|832750|1066250|1288800|1601750
17|121|MARIONCOUNTY|IL|16460|832750|1066250|1288800|1601750
17|123|MARSHALLCOUNTY|IL|37900|832750|1066250|1288800|1601750
17|125|MASONCOUNTY|IL|99999|832750|1066250|1288800|1601750
17|127|MASSACCOUNTY|IL|37140|832750|1066250|1288800|1601750
17|129|MENARDCOUNTY|IL|44100|832750|1066250|1288800|1601750
17|131|MERCERCOUNTY|IL|19340|832750|1066250|1288800|1601750
17|133|MONROECOUNTY|IL|41180|832750|1066250|1288800|1601750
17|135|MONTGOMERYCOUNTY|IL|99999|832750|1066250|1288800|1601750
17|137|MORGANCOUNTY|IL|27300|832750|1066250|1288800|1601750
17|139|MOULTRIECOUNTY|IL|99999|832750|1066250|1288800|1601750
17|141|OGLECOUNTY|IL|40300|832750|1066250|1288800|1601750
17|143|PEORIACOUNTY|IL|37900|832750|1066250|1288800|1601750
17|145|PERRYCOUNTY|IL|99999|832750|1066250|1288800|1601750
17|147|PIATTCOUNTY|IL|16580|832750|1066250|1288800|1601750
17|149|PIKECOUNTY|IL|99999|832750|1066250|1288800|1601750
17|151|POPECOUNTY|IL|99999|832750|1066250|1288800|1601750
17|153|PULASKICOUNTY|IL|99999|832750|1066250|1288800|1601750
17|155|PUTNAMCOUNTY|IL|36837|832750|1066250|1288800|1601750
17|157|RANDOLPHCOUNTY|IL|99999|832750|1066250|1288800|1601750
17|159|RICHLANDCOUNTY|IL|99999|832750|1066250|1288800|1601750
17|161|ROCKISLANDCOUNTY|IL|19340|832750|1066250|1288800|1601750
17|163|ST.CLAIRCOUNTY|IL|41180|832750|1066250|1288800|1601750
17|165|SALINECOUNTY|IL|99999|832750|1066250|1288800|1601750
17|167|SANGAMONCOUNTY|IL|44100|832750|1066250|1288800|1601750
17|169|SCHUYLERCOUNTY|IL|99999|832750|1066250|1288800|1601750
17|171|SCOTTCOUNTY|IL|27300|832750|1066250|1288800|1601750
17|173|SHELBYCOUNTY|IL|99999|832750|1066250|1288800|1601750
17|175|STARKCOUNTY|IL|37900|832750|1066250|1288800|1601750
17|177|STEPHENSONCOUNTY|IL|23300|832750|1066250|1288800|1601750
17|179|TAZEWELLCOUNTY|IL|37900|832750|1066250|1288800|1601750
17|181|UNIONCOUNTY|IL|99999|832750|1066250|1288800|1601750
17|183|VERMILIONCOUNTY|IL|19180|832750|1066250|1288800|1601750
17|185|WABASHCOUNTY|IL|99999|832750|1066250|1288800|1601750
17|187|WARRENCOUNTY|IL|99999|832750|1066250|1288800|1601750
17|189|WASHINGTONCOUNTY|IL|99999|832750|1066250|1288800|1601750
17|191|WAYNECOUNTY|IL|99999|832750|1066250|1288800|1601750
17|193|WHITECOUNTY|IL|99999|832750|1066250|1288800|1601750
17|195|WHITESIDECOUNTY|IL|44580|832750|1066250|1288800|1601750
17|197|WILLCOUNTY|IL|16980|832750|1066250|1288800|1601750
17|199|WILLIAMSONCOUNTY|IL|32060|832750|1066250|1288800|1601750
17|201|WINNEBAGOCOUNTY|IL|40420|832750|1066250|1288800|1601750
17|203|WOODFORDCOUNTY|IL|37900|832750|1066250|1288800|1601750
18|001|ADAMSCOUNTY|IN|19540|832750|1066250|1288800|1601750
18|003|ALLENCOUNTY|IN|23060|832750|1066250|1288800|1601750
18|005|BARTHOLOMEWCOUNTY|IN|18020|832750|1066250|1288800|1601750
18|007|BENTONCOUNTY|IN|29200|832750|1066250|1288800|1601750
18|009|BLACKFORDCOUNTY|IN|99999|832750|1066250|1288800|1601750
18|011|BOONECOUNTY|IN|26900|832750|1066250|1288800|1601750
18|013|BROWNCOUNTY|IN|26900|832750|1066250|1288800|1601750
18|015|CARROLLCOUNTY|IN|29200|832750|1066250|1288800|1601750
18|017|CASSCOUNTY|IN|30900|832750|1066250|1288800|1601750
18|019|CLARKCOUNTY|IN|31140|832750|1066250|1288800|1601750
18|021|CLAYCOUNTY|IN|45460|832750|1066250|1288800|1601750
18|023|CLINTONCOUNTY|IN|23140|832750|1066250|1288800|1601750
18|025|CRAWFORDCOUNTY|IN|99999|832750|1066250|1288800|1601750
18|027|DAVIESSCOUNTY|IN|47780|832750|1066250|1288800|1601750
18|029|DEARBORNCOUNTY|IN|17140|832750|1066250|1288800|1601750
18|031|DECATURCOUNTY|IN|24700|832750|1066250|1288800|1601750
18|033|DEKALBCOUNTY|IN|12140|832750|1066250|1288800|1601750
18|035|DELAWARECOUNTY|IN|34620|832750|1066250|1288800|1601750
18|037|DUBOISCOUNTY|IN|27540|832750|1066250|1288800|1601750
18|039|ELKHARTCOUNTY|IN|21140|832750|1066250|1288800|1601750
18|041|FAYETTECOUNTY|IN|18220|832750|1066250|1288800|1601750
18|043|FLOYDCOUNTY|IN|31140|832750|1066250|1288800|1601750
18|045|FOUNTAINCOUNTY|IN|99999|832750|1066250|1288800|1601750
18|047|FRANKLINCOUNTY|IN|17140|832750|1066250|1288800|1601750
18|049|FULTONCOUNTY|IN|99999|832750|1066250|1288800|1601750
18|051|GIBSONCOUNTY|IN|99999|832750|1066250|1288800|1601750
18|053|GRANTCOUNTY|IN|31980|832750|1066250|1288800|1601750
18|055|GREENECOUNTY|IN|99999|832750|1066250|1288800|1601750
18|057|HAMILTONCOUNTY|IN|26900|832750|1066250|1288800|1601750
18|059|HANCOCKCOUNTY|IN|26900|832750|1066250|1288800|1601750
18|061|HARRISONCOUNTY|IN|31140|832750|1066250|1288800|1601750
18|063|HENDRICKSCOUNTY|IN|26900|832750|1066250|1288800|1601750
18|065|HENRYCOUNTY|IN|35220|832750|1066250|1288800|1601750
18|067|HOWARDCOUNTY|IN|29020|832750|1066250|1288800|1601750
18|069|HUNTINGTONCOUNTY|IN|26540|832750|1066250|1288800|1601750
18|071|JACKSONCOUNTY|IN|42980|832750|1066250|1288800|1601750
18|073|JASPERCOUNTY|IN|16980|832750|1066250|1288800|1601750
18|075|JAYCOUNTY|IN|99999|832750|1066250|1288800|1601750
18|077|JEFFERSONCOUNTY|IN|31500|832750|1066250|1288800|1601750
18|079|JENNINGSCOUNTY|IN|99999|832750|1066250|1288800|1601750
18|081|JOHNSONCOUNTY|IN|26900|832750|1066250|1288800|1601750
18|083|KNOXCOUNTY|IN|47180|832750|1066250|1288800|1601750
18|085|KOSCIUSKOCOUNTY|IN|47700|832750|1066250|1288800|1601750
18|087|LAGRANGECOUNTY|IN|99999|832750|1066250|1288800|1601750
18|089|LAKECOUNTY|IN|16980|832750|1066250|1288800|1601750
18|091|LAPORTECOUNTY|IN|33140|832750|1066250|1288800|1601750
18|093|LAWRENCECOUNTY|IN|13260|832750|1066250|1288800|1601750
18|095|MADISONCOUNTY|IN|26900|832750|1066250|1288800|1601750
18|097|MARIONCOUNTY|IN|26900|832750|1066250|1288800|1601750
18|099|MARSHALLCOUNTY|IN|38500|832750|1066250|1288800|1601750
18|101|MARTINCOUNTY|IN|99999|832750|1066250|1288800|1601750
18|103|MIAMICOUNTY|IN|37940|832750|1066250|1288800|1601750
18|105|MONROECOUNTY|IN|14020|832750|1066250|1288800|1601750
18|107|MONTGOMERYCOUNTY|IN|18820|832750|1066250|1288800|1601750
18|109|MORGANCOUNTY|IN|26900|832750|1066250|1288800|1601750
18|111|NEWTONCOUNTY|IN|16980|832750|1066250|1288800|1601750
18|113|NOBLECOUNTY|IN|28340|832750|1066250|1288800|1601750
18|115|OHIOCOUNTY|IN|17140|832750|1066250|1288800|1601750
18|117|ORANGECOUNTY|IN|99999|832750|1066250|1288800|1601750
18|119|OWENCOUNTY|IN|14020|832750|1066250|1288800|1601750
18|121|PARKECOUNTY|IN|99999|832750|1066250|1288800|1601750
18|123|PERRYCOUNTY|IN|99999|832750|1066250|1288800|1601750
18|125|PIKECOUNTY|IN|99999|832750|1066250|1288800|1601750
18|127|PORTERCOUNTY|IN|16980|832750|1066250|1288800|1601750
18|129|POSEYCOUNTY|IN|21780|832750|1066250|1288800|1601750
18|131|PULASKICOUNTY|IN|99999|832750|1066250|1288800|1601750
18|133|PUTNAMCOUNTY|IN|24600|832750|1066250|1288800|1601750
18|135|RANDOLPHCOUNTY|IN|99999|832750|1066250|1288800|1601750
18|137|RIPLEYCOUNTY|IN|99999|832750|1066250|1288800|1601750
18|139|RUSHCOUNTY|IN|99999|832750|1066250|1288800|1601750
18|141|ST.JOSEPHCOUNTY|IN|43780|832750|1066250|1288800|1601750
18|143|SCOTTCOUNTY|IN|99999|832750|1066250|1288800|1601750
18|145|SHELBYCOUNTY|IN|26900|832750|1066250|1288800|1601750
18|147|SPENCERCOUNTY|IN|99999|832750|1066250|1288800|1601750
18|149|STARKECOUNTY|IN|99999|832750|1066250|1288800|1601750
18|151|STEUBENCOUNTY|IN|11420|832750|1066250|1288800|1601750
18|153|SULLIVANCOUNTY|IN|45460|832750|1066250|1288800|1601750
18|155|SWITZERLANDCOUNTY|IN|99999|832750|1066250|1288800|1601750
18|157|TIPPECANOECOUNTY|IN|29200|832750|1066250|1288800|1601750
18|159|TIPTONCOUNTY|IN|26900|832750|1066250|1288800|1601750
18|161|UNIONCOUNTY|IN|99999|832750|1066250|1288800|1601750
18|163|VANDERBURGHCOUNTY|IN|21780|832750|1066250|1288800|1601750
18|165|VERMILLIONCOUNTY|IN|45460|832750|1066250|1288800|1601750
18|167|VIGOCOUNTY|IN|45460|832750|1066250|1288800|1601750
18|169|WABASHCOUNTY|IN|47340|832750|1066250|1288800|1601750
18|171|WARRENCOUNTY|IN|29200|832750|1066250|1288800|1601750
18|173|WARRICKCOUNTY|IN|21780|832750|1066250|1288800|1601750
18|175|WASHINGTONCOUNTY|IN|31140|832750|1066250|1288800|1601750
18|177|WAYNECOUNTY|IN|39980|832750|1066250|1288800|1601750
18|179|WELLSCOUNTY|IN|23060|832750|1066250|1288800|1601750
18|181|WHITECOUNTY|IN|33900|832750|1066250|1288800|1601750
18|183|WHITLEYCOUNTY|IN|23060|832750|1066250|1288800|1601750
19|001|ADAIRCOUNTY|IA|99999|832750|1066250|1288800|1601750
19|003|ADAMSCOUNTY|IA|99999|832750|1066250|1288800|1601750
19|005|ALLAMAKEECOUNTY|IA|99999|832750|1066250|1288800|1601750
19|007|APPANOOSECOUNTY|IA|99999|832750|1066250|1288800|1601750
19|009|AUDUBONCOUNTY|IA|99999|832750|1066250|1288800|1601750
19|011|BENTONCOUNTY|IA|16300|832750|1066250|1288800|1601750
19|013|BLACKHAWKCOUNTY|IA|47940|832750|1066250|1288800|1601750
19|015|BOONECOUNTY|IA|11180|832750|1066250|1288800|1601750
19|017|BREMERCOUNTY|IA|47940|832750|1066250|1288800|1601750
19|019|BUCHANANCOUNTY|IA|99999|832750|1066250|1288800|1601750
19|021|BUENAVISTACOUNTY|IA|44740|832750|1066250|1288800|1601750
19|023|BUTLERCOUNTY|IA|99999|832750|1066250|1288800|1601750
19|025|CALHOUNCOUNTY|IA|99999|832750|1066250|1288800|1601750
19|027|CARROLLCOUNTY|IA|16140|832750|1066250|1288800|1601750
19|029|CASSCOUNTY|IA|99999|832750|1066250|1288800|1601750
19|031|CEDARCOUNTY|IA|99999|832750|1066250|1288800|1601750
19|033|CERROGORDOCOUNTY|IA|32380|832750|1066250|1288800|1601750
19|035|CHEROKEECOUNTY|IA|99999|832750|1066250|1288800|1601750
19|037|CHICKASAWCOUNTY|IA|99999|832750|1066250|1288800|1601750
19|039|CLARKECOUNTY|IA|99999|832750|1066250|1288800|1601750
19|041|CLAYCOUNTY|IA|43980|832750|1066250|1288800|1601750
19|043|CLAYTONCOUNTY|IA|99999|832750|1066250|1288800|1601750
19|045|CLINTONCOUNTY|IA|17540|832750|1066250|1288800|1601750
19|047|CRAWFORDCOUNTY|IA|99999|832750|1066250|1288800|1601750
19|049|DALLASCOUNTY|IA|19780|832750|1066250|1288800|1601750
19|051|DAVISCOUNTY|IA|99999|832750|1066250|1288800|1601750
19|053|DECATURCOUNTY|IA|99999|832750|1066250|1288800|1601750
19|055|DELAWARECOUNTY|IA|99999|832750|1066250|1288800|1601750
19|057|DESMOINESCOUNTY|IA|15460|832750|1066250|1288800|1601750
19|059|DICKINSONCOUNTY|IA|44020|832750|1066250|1288800|1601750
19|061|DUBUQUECOUNTY|IA|20220|832750|1066250|1288800|1601750
19|063|EMMETCOUNTY|IA|99999|832750|1066250|1288800|1601750
19|065|FAYETTECOUNTY|IA|99999|832750|1066250|1288800|1601750
19|067|FLOYDCOUNTY|IA|99999|832750|1066250|1288800|1601750
19|069|FRANKLINCOUNTY|IA|99999|832750|1066250|1288800|1601750
19|071|FREMONTCOUNTY|IA|99999|832750|1066250|1288800|1601750
19|073|GREENECOUNTY|IA|99999|832750|1066250|1288800|1601750
19|075|GRUNDYCOUNTY|IA|47940|832750|1066250|1288800|1601750
19|077|GUTHRIECOUNTY|IA|19780|832750|1066250|1288800|1601750
19|079|HAMILTONCOUNTY|IA|99999|832750|1066250|1288800|1601750
19|081|HANCOCKCOUNTY|IA|99999|832750|1066250|1288800|1601750
19|083|HARDINCOUNTY|IA|99999|832750|1066250|1288800|1601750
19|085|HARRISONCOUNTY|IA|36540|832750|1066250|1288800|1601750
19|087|HENRYCOUNTY|IA|99999|832750|1066250|1288800|1601750
19|089|HOWARDCOUNTY|IA|99999|832750|1066250|1288800|1601750
19|091|HUMBOLDTCOUNTY|IA|99999|832750|1066250|1288800|1601750
19|093|IDACOUNTY|IA|99999|832750|1066250|1288800|1601750
19|095|IOWACOUNTY|IA|99999|832750|1066250|1288800|1601750
19|097|JACKSONCOUNTY|IA|99999|832750|1066250|1288800|1601750
19|099|JASPERCOUNTY|IA|19780|832750|1066250|1288800|1601750
19|101|JEFFERSONCOUNTY|IA|99999|832750|1066250|1288800|1601750
19|103|JOHNSONCOUNTY|IA|26980|832750|1066250|1288800|1601750
19|105|JONESCOUNTY|IA|16300|832750|1066250|1288800|1601750
19|107|KEOKUKCOUNTY|IA|99999|832750|1066250|1288800|1601750
19|109|KOSSUTHCOUNTY|IA|99999|832750|1066250|1288800|1601750
19|111|LEECOUNTY|IA|22800|832750|1066250|1288800|1601750
19|113|LINNCOUNTY|IA|16300|832750|1066250|1288800|1601750
19|115|LOUISACOUNTY|IA|99999|832750|1066250|1288800|1601750
19|117|LUCASCOUNTY|IA|99999|832750|1066250|1288800|1601750
19|119|LYONCOUNTY|IA|99999|832750|1066250|1288800|1601750
19|121|MADISONCOUNTY|IA|19780|832750|1066250|1288800|1601750
19|123|MAHASKACOUNTY|IA|36820|832750|1066250|1288800|1601750
19|125|MARIONCOUNTY|IA|37800|832750|1066250|1288800|1601750
19|127|MARSHALLCOUNTY|IA|32260|832750|1066250|1288800|1601750
19|129|MILLSCOUNTY|IA|36540|832750|1066250|1288800|1601750
19|131|MITCHELLCOUNTY|IA|99999|832750|1066250|1288800|1601750
19|133|MONONACOUNTY|IA|99999|832750|1066250|1288800|1601750
19|135|MONROECOUNTY|IA|99999|832750|1066250|1288800|1601750
19|137|MONTGOMERYCOUNTY|IA|99999|832750|1066250|1288800|1601750
19|139|MUSCATINECOUNTY|IA|34700|832750|1066250|1288800|1601750
19|141|O'BRIENCOUNTY|IA|99999|832750|1066250|1288800|1601750
19|143|OSCEOLACOUNTY|IA|99999|832750|1066250|1288800|1601750
19|145|PAGECOUNTY|IA|99999|832750|1066250|1288800|1601750
19|147|PALOALTOCOUNTY|IA|99999|832750|1066250|1288800|1601750
19|149|PLYMOUTHCOUNTY|IA|30180|832750|1066250|1288800|1601750
19|151|POCAHONTASCOUNTY|IA|99999|832750|1066250|1288800|1601750
19|153|POLKCOUNTY|IA|19780|832750|1066250|1288800|1601750
19|155|POTTAWATTAMIECOUNTY|IA|36540|832750|1066250|1288800|1601750
19|157|POWESHIEKCOUNTY|IA|99999|832750|1066250|1288800|1601750
19|159|RINGGOLDCOUNTY|IA|99999|832750|1066250|1288800|1601750
19|161|SACCOUNTY|IA|99999|832750|1066250|1288800|1601750
19|163|SCOTTCOUNTY|IA|19340|832750|1066250|1288800|1601750
19|165|SHELBYCOUNTY|IA|99999|832750|1066250|1288800|1601750
19|167|SIOUXCOUNTY|IA|99999|832750|1066250|1288800|1601750
19|169|STORYCOUNTY|IA|11180|832750|1066250|1288800|1601750
19|171|TAMACOUNTY|IA|99999|832750|1066250|1288800|1601750
19|173|TAYLORCOUNTY|IA|99999|832750|1066250|1288800|1601750
19|175|UNIONCOUNTY|IA|99999|832750|1066250|1288800|1601750
19|177|VANBURENCOUNTY|IA|99999|832750|1066250|1288800|1601750
19|179|WAPELLOCOUNTY|IA|36900|832750|1066250|1288800|1601750
19|181|WARRENCOUNTY|IA|19780|832750|1066250|1288800|1601750
19|183|WASHINGTONCOUNTY|IA|26980|832750|1066250|1288800|1601750
19|185|WAYNECOUNTY|IA|99999|832750|1066250|1288800|1601750
19|187|WEBSTERCOUNTY|IA|22700|832750|1066250|1288800|1601750
19|189|WINNEBAGOCOUNTY|IA|99999|832750|1066250|1288800|1601750
19|191|WINNESHIEKCOUNTY|IA|99999|832750|1066250|1288800|1601750
19|193|WOODBURYCOUNTY|IA|43580|832750|1066250|1288800|1601750
19|195|WORTHCOUNTY|IA|32380|832750|1066250|1288800|1601750
19|197|WRIGHTCOUNTY|IA|99999|832750|1066250|1288800|1601750
20|001|ALLENCOUNTY|KS|99999|832750|1066250|1288800|1601750
20|003|ANDERSONCOUNTY|KS|99999|832750|1066250|1288800|1601750
20|005|ATCHISONCOUNTY|KS|11860|832750|1066250|1288800|1601750
20|007|BARBERCOUNTY|KS|99999|832750|1066250|1288800|1601750
20|009|BARTONCOUNTY|KS|24460|832750|1066250|1288800|1601750
20|011|BOURBONCOUNTY|KS|99999|832750|1066250|1288800|1601750
20|013|BROWNCOUNTY|KS|99999|832750|1066250|1288800|1601750
20|015|BUTLERCOUNTY|KS|48620|832750|1066250|1288800|1601750
20|017|CHASECOUNTY|KS|21380|832750|1066250|1288800|1601750
20|019|CHAUTAUQUACOUNTY|KS|99999|832750|1066250|1288800|1601750
20|021|CHEROKEECOUNTY|KS|27900|832750|1066250|1288800|1601750
20|023|CHEYENNECOUNTY|KS|99999|832750|1066250|1288800|1601750
20|025|CLARKCOUNTY|KS|99999|832750|1066250|1288800|1601750
20|027|CLAYCOUNTY|KS|99999|832750|1066250|1288800|1601750
20|029|CLOUDCOUNTY|KS|99999|832750|1066250|1288800|1601750
20|031|COFFEYCOUNTY|KS|99999|832750|1066250|1288800|1601750
20|033|COMANCHECOUNTY|KS|99999|832750|1066250|1288800|1601750
20|035|COWLEYCOUNTY|KS|11680|832750|1066250|1288800|1601750
20|037|CRAWFORDCOUNTY|KS|38260|832750|1066250|1288800|1601750
20|039|DECATURCOUNTY|KS|99999|832750|1066250|1288800|1601750
20|041|DICKINSONCOUNTY|KS|99999|832750|1066250|1288800|1601750
20|043|DONIPHANCOUNTY|KS|41140|832750|1066250|1288800|1601750
20|045|DOUGLASCOUNTY|KS|29940|832750|1066250|1288800|1601750
20|047|EDWARDSCOUNTY|KS|99999|832750|1066250|1288800|1601750
20|049|ELKCOUNTY|KS|99999|832750|1066250|1288800|1601750
20|051|ELLISCOUNTY|KS|25700|832750|1066250|1288800|1601750
20|053|ELLSWORTHCOUNTY|KS|99999|832750|1066250|1288800|1601750
20|055|FINNEYCOUNTY|KS|23780|832750|1066250|1288800|1601750
20|057|FORDCOUNTY|KS|19980|832750|1066250|1288800|1601750
20|059|FRANKLINCOUNTY|KS|36840|832750|1066250|1288800|1601750
20|061|GEARYCOUNTY|KS|31740|832750|1066250|1288800|1601750
20|063|GOVECOUNTY|KS|99999|832750|1066250|1288800|1601750
20|065|GRAHAMCOUNTY|KS|99999|832750|1066250|1288800|1601750
20|067|GRANTCOUNTY|KS|99999|832750|1066250|1288800|1601750
20|069|GRAYCOUNTY|KS|99999|832750|1066250|1288800|1601750
20|071|GREELEYCOUNTY|KS|99999|832750|1066250|1288800|1601750
20|073|GREENWOODCOUNTY|KS|99999|832750|1066250|1288800|1601750
20|075|HAMILTONCOUNTY|KS|99999|832750|1066250|1288800|1601750
20|077|HARPERCOUNTY|KS|99999|832750|1066250|1288800|1601750
20|079|HARVEYCOUNTY|KS|48620|832750|1066250|1288800|1601750
20|081|HASKELLCOUNTY|KS|99999|832750|1066250|1288800|1601750
20|083|HODGEMANCOUNTY|KS|99999|832750|1066250|1288800|1601750
20|085|JACKSONCOUNTY|KS|45820|832750|1066250|1288800|1601750
20|087|JEFFERSONCOUNTY|KS|45820|832750|1066250|1288800|1601750
20|089|JEWELLCOUNTY|KS|99999|832750|1066250|1288800|1601750
20|091|JOHNSONCOUNTY|KS|28140|832750|1066250|1288800|1601750
20|093|KEARNYCOUNTY|KS|99999|832750|1066250|1288800|1601750
20|095|KINGMANCOUNTY|KS|99999|832750|1066250|1288800|1601750
20|097|KIOWACOUNTY|KS|99999|832750|1066250|1288800|1601750
20|099|LABETTECOUNTY|KS|99999|832750|1066250|1288800|1601750
20|101|LANECOUNTY|KS|99999|832750|1066250|1288800|1601750
20|103|LEAVENWORTHCOUNTY|KS|28140|832750|1066250|1288800|1601750
20|105|LINCOLNCOUNTY|KS|99999|832750|1066250|1288800|1601750
20|107|LINNCOUNTY|KS|28140|832750|1066250|1288800|1601750
20|109|LOGANCOUNTY|KS|99999|832750|1066250|1288800|1601750
20|111|LYONCOUNTY|KS|21380|832750|1066250|1288800|1601750
20|113|MCPHERSONCOUNTY|KS|32700|832750|1066250|1288800|1601750
20|115|MARIONCOUNTY|KS|99999|832750|1066250|1288800|1601750
20|117|MARSHALLCOUNTY|KS|99999|832750|1066250|1288800|1601750
20|119|MEADECOUNTY|KS|99999|832750|1066250|1288800|1601750
20|121|MIAMICOUNTY|KS|28140|832750|1066250|1288800|1601750
20|123|MITCHELLCOUNTY|KS|99999|832750|1066250|1288800|1601750
20|125|MONTGOMERYCOUNTY|KS|99999|832750|1066250|1288800|1601750
20|127|MORRISCOUNTY|KS|99999|832750|1066250|1288800|1601750
20|129|MORTONCOUNTY|KS|99999|832750|1066250|1288800|1601750
20|131|NEMAHACOUNTY|KS|99999|832750|1066250|1288800|1601750
20|133|NEOSHOCOUNTY|KS|99999|832750|1066250|1288800|1601750
20|135|NESSCOUNTY|KS|99999|832750|1066250|1288800|1601750
20|137|NORTONCOUNTY|KS|99999|832750|1066250|1288800|1601750
20|139|OSAGECOUNTY|KS|45820|832750|1066250|1288800|1601750
20|141|OSBORNECOUNTY|KS|99999|832750|1066250|1288800|1601750
20|143|OTTAWACOUNTY|KS|41460|832750|1066250|1288800|1601750
20|145|PAWNEECOUNTY|KS|99999|832750|1066250|1288800|1601750
20|147|PHILLIPSCOUNTY|KS|99999|832750|1066250|1288800|1601750
20|149|POTTAWATOMIECOUNTY|KS|31740|832750|1066250|1288800|1601750
20|151|PRATTCOUNTY|KS|99999|832750|1066250|1288800|1601750
20|153|RAWLINSCOUNTY|KS|99999|832750|1066250|1288800|1601750
20|155|RENOCOUNTY|KS|26740|832750|1066250|1288800|1601750
20|157|REPUBLICCOUNTY|KS|99999|832750|1066250|1288800|1601750
20|159|RICECOUNTY|KS|99999|832750|1066250|1288800|1601750
20|161|RILEYCOUNTY|KS|31740|832750|1066250|1288800|1601750
20|163|ROOKSCOUNTY|KS|99999|832750|1066250|1288800|1601750
20|165|RUSHCOUNTY|KS|99999|832750|1066250|1288800|1601750
20|167|RUSSELLCOUNTY|KS|99999|832750|1066250|1288800|1601750
20|169|SALINECOUNTY|KS|41460|832750|1066250|1288800|1601750
20|171|SCOTTCOUNTY|KS|99999|832750|1066250|1288800|1601750
20|173|SEDGWICKCOUNTY|KS|48620|832750|1066250|1288800|1601750
20|175|SEWARDCOUNTY|KS|30580|832750|1066250|1288800|1601750
20|177|SHAWNEECOUNTY|KS|45820|832750|1066250|1288800|1601750
20|179|SHERIDANCOUNTY|KS|99999|832750|1066250|1288800|1601750
20|181|SHERMANCOUNTY|KS|99999|832750|1066250|1288800|1601750
20|183|SMITHCOUNTY|KS|99999|832750|1066250|1288800|1601750
20|185|STAFFORDCOUNTY|KS|99999|832750|1066250|1288800|1601750
20|187|STANTONCOUNTY|KS|99999|832750|1066250|1288800|1601750
20|189|STEVENSCOUNTY|KS|99999|832750|1066250|1288800|1601750
20|191|SUMNERCOUNTY|KS|48620|832750|1066250|1288800|1601750
20|193|THOMASCOUNTY|KS|99999|832750|1066250|1288800|1601750
20|195|TREGOCOUNTY|KS|99999|832750|1066250|1288800|1601750
20|197|WABAUNSEECOUNTY|KS|45820|832750|1066250|1288800|1601750
20|199|WALLACECOUNTY|KS|99999|832750|1066250|1288800|1601750
20|201|WASHINGTONCOUNTY|KS|99999|832750|1066250|1288800|1601750
20|203|WICHITACOUNTY|KS|99999|832750|1066250|1288800|1601750
20|205|WILSONCOUNTY|KS|99999|832750|1066250|1288800|1601750
20|207|WOODSONCOUNTY|KS|99999|832750|1066250|1288800|1601750
20|209|WYANDOTTECOUNTY|KS|28140|832750|1066250|1288800|1601750
21|001|ADAIRCOUNTY|KY|99999|832750|1066250|1288800|1601750
21|003|ALLENCOUNTY|KY|14540|832750|1066250|1288800|1601750
21|005|ANDERSONCOUNTY|KY|23180|832750|1066250|1288800|1601750
21|007|BALLARDCOUNTY|KY|37140|832750|1066250|1288800|1601750
21|009|BARRENCOUNTY|KY|23980|832750|1066250|1288800|1601750
21|011|BATHCOUNTY|KY|34460|832750|1066250|1288800|1601750
21|013|BELLCOUNTY|KY|33180|832750|1066250|1288800|1601750
21|015|BOONECOUNTY|KY|17140|832750|1066250|1288800|1601750
21|017|BOURBONCOUNTY|KY|30460|832750|1066250|1288800|1601750
21|019|BOYDCOUNTY|KY|26580|832750|1066250|1288800|1601750
21|021|BOYLECOUNTY|KY|19220|832750|1066250|1288800|1601750
21|023|BRACKENCOUNTY|KY|17140|832750|1066250|1288800|1601750
21|025|BREATHITTCOUNTY|KY|99999|832750|1066250|1288800|1601750
21|027|BRECKINRIDGECOUNTY|KY|99999|832750|1066250|1288800|1601750
21|029|BULLITTCOUNTY|KY|31140|832750|1066250|1288800|1601750
21|031|BUTLERCOUNTY|KY|14540|832750|1066250|1288800|1601750
21|033|CALDWELLCOUNTY|KY|99999|832750|1066250|1288800|1601750
21|035|CALLOWAYCOUNTY|KY|34660|832750|1066250|1288800|1601750
21|037|CAMPBELLCOUNTY|KY|17140|832750|1066250|1288800|1601750
21|039|CARLISLECOUNTY|KY|37140|832750|1066250|1288800|1601750
21|041|CARROLLCOUNTY|KY|99999|832750|1066250|1288800|1601750
21|043|CARTERCOUNTY|KY|26580|832750|1066250|1288800|1601750
21|045|CASEYCOUNTY|KY|99999|832750|1066250|1288800|1601750
21|047|CHRISTIANCOUNTY|KY|17300|832750|1066250|1288800|1601750
21|049|CLARKCOUNTY|KY|30460|832750|1066250|1288800|1601750
21|051|CLAYCOUNTY|KY|18340|832750|1066250|1288800|1601750
21|053|CLINTONCOUNTY|KY|99999|832750|1066250|1288800|1601750
21|055|CRITTENDENCOUNTY|KY|99999|832750|1066250|1288800|1601750
21|057|CUMBERLANDCOUNTY|KY|99999|832750|1066250|1288800|1601750
21|059|DAVIESSCOUNTY|KY|36980|832750|1066250|1288800|1601750
21|061|EDMONSONCOUNTY|KY|14540|832750|1066250|1288800|1601750
21|063|ELLIOTTCOUNTY|KY|99999|832750|1066250|1288800|1601750
21|065|ESTILLCOUNTY|KY|40080|832750|1066250|1288800|1601750
21|067|FAYETTECOUNTY|KY|30460|832750|1066250|1288800|1601750
21|069|FLEMINGCOUNTY|KY|99999|832750|1066250|1288800|1601750
21|071|FLOYDCOUNTY|KY|38210|832750|1066250|1288800|1601750
21|073|FRANKLINCOUNTY|KY|23180|832750|1066250|1288800|1601750
21|075|FULTONCOUNTY|KY|99999|832750|1066250|1288800|1601750
21|077|GALLATINCOUNTY|KY|17140|832750|1066250|1288800|1601750
21|079|GARRARDCOUNTY|KY|99999|832750|1066250|1288800|1601750
21|081|GRANTCOUNTY|KY|17140|832750|1066250|1288800|1601750
21|083|GRAVESCOUNTY|KY|32460|832750|1066250|1288800|1601750
21|085|GRAYSONCOUNTY|KY|99999|832750|1066250|1288800|1601750
21|087|GREENCOUNTY|KY|15820|832750|1066250|1288800|1601750
21|089|GREENUPCOUNTY|KY|26580|832750|1066250|1288800|1601750
21|091|HANCOCKCOUNTY|KY|99999|832750|1066250|1288800|1601750
21|093|HARDINCOUNTY|KY|21060|832750|1066250|1288800|1601750
21|095|HARLANCOUNTY|KY|99999|832750|1066250|1288800|1601750
21|097|HARRISONCOUNTY|KY|99999|832750|1066250|1288800|1601750
21|099|HARTCOUNTY|KY|99999|832750|1066250|1288800|1601750
21|101|HENDERSONCOUNTY|KY|25775|832750|1066250|1288800|1601750
21|103|HENRYCOUNTY|KY|31140|832750|1066250|1288800|1601750
21|105|HICKMANCOUNTY|KY|99999|832750|1066250|1288800|1601750
21|107|HOPKINSCOUNTY|KY|31580|832750|1066250|1288800|1601750
21|109|JACKSONCOUNTY|KY|99999|832750|1066250|1288800|1601750
21|111|JEFFERSONCOUNTY|KY|31140|832750|1066250|1288800|1601750
21|113|JESSAMINECOUNTY|KY|30460|832750|1066250|1288800|1601750
21|115|JOHNSONCOUNTY|KY|99999|832750|1066250|1288800|1601750
21|117|KENTONCOUNTY|KY|17140|832750|1066250|1288800|1601750
21|119|KNOTTCOUNTY|KY|99999|832750|1066250|1288800|1601750
21|121|KNOXCOUNTY|KY|18340|832750|1066250|1288800|1601750
21|123|LARUECOUNTY|KY|21060|832750|1066250|1288800|1601750
21|125|LAURELCOUNTY|KY|18340|832750|1066250|1288800|1601750
21|127|LAWRENCECOUNTY|KY|26580|832750|1066250|1288800|1601750
21|129|LEECOUNTY|KY|99999|832750|1066250|1288800|1601750
21|131|LESLIECOUNTY|KY|99999|832750|1066250|1288800|1601750
21|133|LETCHERCOUNTY|KY|99999|832750|1066250|1288800|1601750
21|135|LEWISCOUNTY|KY|99999|832750|1066250|1288800|1601750
21|137|LINCOLNCOUNTY|KY|19220|832750|1066250|1288800|1601750
21|139|LIVINGSTONCOUNTY|KY|37140|832750|1066250|1288800|1601750
21|141|LOGANCOUNTY|KY|99999|832750|1066250|1288800|1601750
21|143|LYONCOUNTY|KY|99999|832750|1066250|1288800|1601750
21|145|MCCRACKENCOUNTY|KY|37140|832750|1066250|1288800|1601750
21|147|MCCREARYCOUNTY|KY|99999|832750|1066250|1288800|1601750
21|149|MCLEANCOUNTY|KY|36980|832750|1066250|1288800|1601750
21|151|MADISONCOUNTY|KY|40080|832750|1066250|1288800|1601750
21|153|MAGOFFINCOUNTY|KY|99999|832750|1066250|1288800|1601750
21|155|MARIONCOUNTY|KY|99999|832750|1066250|1288800|1601750
21|157|MARSHALLCOUNTY|KY|99999|832750|1066250|1288800|1601750
21|159|MARTINCOUNTY|KY|99999|832750|1066250|1288800|1601750
21|161|MASONCOUNTY|KY|99999|832750|1066250|1288800|1601750
21|163|MEADECOUNTY|KY|31140|832750|1066250|1288800|1601750
21|165|MENIFEECOUNTY|KY|34460|832750|1066250|1288800|1601750
21|167|MERCERCOUNTY|KY|99999|832750|1066250|1288800|1601750
21|169|METCALFECOUNTY|KY|23980|832750|1066250|1288800|1601750
21|171|MONROECOUNTY|KY|99999|832750|1066250|1288800|1601750
21|173|MONTGOMERYCOUNTY|KY|34460|832750|1066250|1288800|1601750
21|175|MORGANCOUNTY|KY|99999|832750|1066250|1288800|1601750
21|177|MUHLENBERGCOUNTY|KY|99999|832750|1066250|1288800|1601750
21|179|NELSONCOUNTY|KY|31140|832750|1066250|1288800|1601750
21|181|NICHOLASCOUNTY|KY|99999|832750|1066250|1288800|1601750
21|183|OHIOCOUNTY|KY|99999|832750|1066250|1288800|1601750
21|185|OLDHAMCOUNTY|KY|31140|832750|1066250|1288800|1601750
21|187|OWENCOUNTY|KY|99999|832750|1066250|1288800|1601750
21|189|OWSLEYCOUNTY|KY|99999|832750|1066250|1288800|1601750
21|191|PENDLETONCOUNTY|KY|17140|832750|1066250|1288800|1601750
21|193|PERRYCOUNTY|KY|99999|832750|1066250|1288800|1601750
21|195|PIKECOUNTY|KY|38210|832750|1066250|1288800|1601750
21|197|POWELLCOUNTY|KY|99999|832750|1066250|1288800|1601750
21|199|PULASKICOUNTY|KY|43700|832750|1066250|1288800|1601750
21|201|ROBERTSONCOUNTY|KY|99999|832750|1066250|1288800|1601750
21|203|ROCKCASTLECOUNTY|KY|40080|832750|1066250|1288800|1601750
21|205|ROWANCOUNTY|KY|99999|832750|1066250|1288800|1601750
21|207|RUSSELLCOUNTY|KY|99999|832750|1066250|1288800|1601750
21|209|SCOTTCOUNTY|KY|30460|832750|1066250|1288800|1601750
21|211|SHELBYCOUNTY|KY|31140|832750|1066250|1288800|1601750
21|213|SIMPSONCOUNTY|KY|23190|832750|1066250|1288800|1601750
21|215|SPENCERCOUNTY|KY|31140|832750|1066250|1288800|1601750
21|217|TAYLORCOUNTY|KY|15820|832750|1066250|1288800|1601750
21|219|TODDCOUNTY|KY|99999|832750|1066250|1288800|1601750
21|221|TRIGGCOUNTY|KY|17300|832750|1066250|1288800|1601750
21|223|TRIMBLECOUNTY|KY|99999|832750|1066250|1288800|1601750
21|225|UNIONCOUNTY|KY|99999|832750|1066250|1288800|1601750
21|227|WARRENCOUNTY|KY|14540|832750|1066250|1288800|1601750
21|229|WASHINGTONCOUNTY|KY|99999|832750|1066250|1288800|1601750
21|231|WAYNECOUNTY|KY|99999|832750|1066250|1288800|1601750
21|233|WEBSTERCOUNTY|KY|25775|832750|1066250|1288800|1601750
21|235|WHITLEYCOUNTY|KY|18340|832750|1066250|1288800|1601750
21|237|WOLFECOUNTY|KY|99999|832750|1066250|1288800|1601750
21|239|WOODFORDCOUNTY|KY|30460|832750|1066250|1288800|1601750
22|001|ACADIAPARISH|LA|29180|832750|1066250|1288800|1601750
22|003|ALLENPARISH|LA|99999|832750|1066250|1288800|1601750
22|005|ASCENSIONPARISH|LA|12940|832750|1066250|1288800|1601750
22|007|ASSUMPTIONPARISH|LA|12940|832750|1066250|1288800|1601750
22|009|AVOYELLESPARISH|LA|99999|832750|1066250|1288800|1601750
22|011|BEAUREGARDPARISH|LA|19760|832750|1066250|1288800|1601750
22|013|BIENVILLEPARISH|LA|99999|832750|1066250|1288800|1601750
22|015|BOSSIERPARISH|LA|43340|832750|1066250|1288800|1601750
22|017|CADDOPARISH|LA|43340|832750|1066250|1288800|1601750
22|019|CALCASIEUPARISH|LA|29340|832750|1066250|1288800|1601750
22|021|CALDWELLPARISH|LA|99999|832750|1066250|1288800|1601750
22|023|CAMERONPARISH|LA|29340|832750|1066250|1288800|1601750
22|025|CATAHOULAPARISH|LA|99999|832750|1066250|1288800|1601750
22|027|CLAIBORNEPARISH|LA|99999|832750|1066250|1288800|1601750
22|029|CONCORDIAPARISH|LA|35020|832750|1066250|1288800|1601750
22|031|DESOTOPARISH|LA|43340|832750|1066250|1288800|1601750
22|033|EASTBATONROUGEPARISH|LA|12940|832750|1066250|1288800|1601750
22|035|EASTCARROLLPARISH|LA|99999|832750|1066250|1288800|1601750
22|037|EASTFELICIANAPARISH|LA|12940|832750|1066250|1288800|1601750
22|039|EVANGELINEPARISH|LA|99999|832750|1066250|1288800|1601750
22|041|FRANKLINPARISH|LA|99999|832750|1066250|1288800|1601750
22|043|GRANTPARISH|LA|10780|832750|1066250|1288800|1601750
22|045|IBERIAPARISH|LA|35340|832750|1066250|1288800|1601750
22|047|IBERVILLEPARISH|LA|12940|832750|1066250|1288800|1601750
22|049|JACKSONPARISH|LA|99999|832750|1066250|1288800|1601750
22|051|JEFFERSONPARISH|LA|35380|832750|1066250|1288800|1601750
22|053|JEFFERSONDAVISPARISH|LA|29340|832750|1066250|1288800|1601750
22|055|LAFAYETTEPARISH|LA|29180|832750|1066250|1288800|1601750
22|057|LAFOURCHEPARISH|LA|26380|832750|1066250|1288800|1601750
22|059|LASALLEPARISH|LA|99999|832750|1066250|1288800|1601750
22|061|LINCOLNPARISH|LA|40820|832750|1066250|1288800|1601750
22|063|LIVINGSTONPARISH|LA|12940|832750|1066250|1288800|1601750
22|065|MADISONPARISH|LA|99999|832750|1066250|1288800|1601750
22|067|MOREHOUSEPARISH|LA|33740|832750|1066250|1288800|1601750
22|069|NATCHITOCHESPARISH|LA|35060|832750|1066250|1288800|1601750
22|071|ORLEANSPARISH|LA|35380|832750|1066250|1288800|1601750
22|073|OUACHITAPARISH|LA|33740|832750|1066250|1288800|1601750
22|075|PLAQUEMINESPARISH|LA|35380|832750|1066250|1288800|1601750
22|077|POINTECOUPEEPARISH|LA|12940|832750|1066250|1288800|1601750
22|079|RAPIDESPARISH|LA|10780|832750|1066250|1288800|1601750
22|081|REDRIVERPARISH|LA|99999|832750|1066250|1288800|1601750
22|083|RICHLANDPARISH|LA|33740|832750|1066250|1288800|1601750
22|085|SABINEPARISH|LA|99999|832750|1066250|1288800|1601750
22|087|ST.BERNARDPARISH|LA|35380|832750|1066250|1288800|1601750
22|089|ST.CHARLESPARISH|LA|35380|832750|1066250|1288800|1601750
22|091|ST.HELENAPARISH|LA|12940|832750|1066250|1288800|1601750
22|093|ST.JAMESPARISH|LA|35380|832750|1066250|1288800|1601750
22|095|ST.JOHNTHEBAPTISTPARISH|LA|35380|832750|1066250|1288800|1601750
22|097|ST.LANDRYPARISH|LA|36660|832750|1066250|1288800|1601750
22|099|ST.MARTINPARISH|LA|29180|832750|1066250|1288800|1601750
22|101|ST.MARYPARISH|LA|34020|832750|1066250|1288800|1601750
22|103|ST.TAMMANYPARISH|LA|43640|832750|1066250|1288800|1601750
22|105|TANGIPAHOAPARISH|LA|25220|832750|1066250|1288800|1601750
22|107|TENSASPARISH|LA|99999|832750|1066250|1288800|1601750
22|109|TERREBONNEPARISH|LA|26380|832750|1066250|1288800|1601750
22|111|UNIONPARISH|LA|33740|832750|1066250|1288800|1601750
22|113|VERMILIONPARISH|LA|29180|832750|1066250|1288800|1601750
22|115|VERNONPARISH|LA|99999|832750|1066250|1288800|1601750
22|117|WASHINGTONPARISH|LA|14220|832750|1066250|1288800|1601750
22|119|WEBSTERPARISH|LA|33380|832750|1066250|1288800|1601750
22|121|WESTBATONROUGEPARISH|LA|12940|832750|1066250|1288800|1601750
22|123|WESTCARROLLPARISH|LA|99999|832750|1066250|1288800|1601750
22|125|WESTFELICIANAPARISH|LA|12940|832750|1066250|1288800|1601750
22|127|WINNPARISH|LA|99999|832750|1066250|1288800|1601750
23|001|ANDROSCOGGINCOUNTY|ME|30340|832750|1066250|1288800|1601750
23|003|AROOSTOOKCOUNTY|ME|99999|832750|1066250|1288800|1601750
23|005|CUMBERLANDCOUNTY|ME|38860|832750|1066250|1288800|1601750
23|007|FRANKLINCOUNTY|ME|99999|832750|1066250|1288800|1601750
23|009|HANCOCKCOUNTY|ME|99999|832750|1066250|1288800|1601750
23|011|KENNEBECCOUNTY|ME|12300|832750|1066250|1288800|1601750
23|013|KNOXCOUNTY|ME|99999|832750|1066250|1288800|1601750
23|015|LINCOLNCOUNTY|ME|99999|832750|1066250|1288800|1601750
23|017|OXFORDCOUNTY|ME|99999|832750|1066250|1288800|1601750
23|019|PENOBSCOTCOUNTY|ME|12620|832750|1066250|1288800|1601750
23|021|PISCATAQUISCOUNTY|ME|99999|832750|1066250|1288800|1601750
23|023|SAGADAHOCCOUNTY|ME|38860|832750|1066250|1288800|1601750
23|025|SOMERSETCOUNTY|ME|99999|832750|1066250|1288800|1601750
23|027|WALDOCOUNTY|ME|99999|832750|1066250|1288800|1601750
23|029|WASHINGTONCOUNTY|ME|99999|832750|1066250|1288800|1601750
23|031|YORKCOUNTY|ME|38860|832750|1066250|1288800|1601750
24|001|ALLEGANYCOUNTY|MD|19060|832750|1066250|1288800|1601750
24|003|ANNEARUNDELCOUNTY|MD|12580|832750|1066250|1288800|1601750
24|005|BALTIMORECOUNTY|MD|12580|832750|1066250|1288800|1601750
24|009|CALVERTCOUNTY|MD|30500|1209750|1548975|1872225|2326875
24|011|CAROLINECOUNTY|MD|99999|832750|1066250|1288800|1601750
24|013|CARROLLCOUNTY|MD|12580|832750|1066250|1288800|1601750
24|015|CECILCOUNTY|MD|37980|832750|1066250|1288800|1601750
24|017|CHARLESCOUNTY|MD|47900|1249125|1599375|1933200|2402625
24|019|DORCHESTERCOUNTY|MD|15700|832750|1066250|1288800|1601750
24|021|FREDERICKCOUNTY|MD|47900|1249125|1599375|1933200|2402625
24|023|GARRETTCOUNTY|MD|99999|832750|1066250|1288800|1601750
24|025|HARFORDCOUNTY|MD|12580|832750|1066250|1288800|1601750
24|027|HOWARDCOUNTY|MD|12580|832750|1066250|1288800|1601750
24|029|KENTCOUNTY|MD|99999|832750|1066250|1288800|1601750
24|031|MONTGOMERYCOUNTY|MD|47900|1249125|1599375|1933200|2402625
24|033|PRINCEGEORGE'SCOUNTY|MD|47900|1249125|1599375|1933200|2402625
24|035|QUEENANNE'SCOUNTY|MD|12580|832750|1066250|1288800|1601750
24|037|ST.MARY'SCOUNTY|MD|30500|832750|1066250|1288800|1601750
24|039|SOMERSETCOUNTY|MD|41540|832750|1066250|1288800|1601750
24|041|TALBOTCOUNTY|MD|20660|832750|1066250|1288800|1601750
24|043|WASHINGTONCOUNTY|MD|25180|832750|1066250|1288800|1601750
24|045|WICOMICOCOUNTY|MD|41540|832750|1066250|1288800|1601750
24|047|WORCESTERCOUNTY|MD|36180|832750|1066250|1288800|1601750
24|510|BALTIMORECITY|MD|12580|832750|1066250|1288800|1601750
25|001|BARNSTABLECOUNTY|MA|12700|832750|1066250|1288800|1601750
25|003|BERKSHIRECOUNTY|MA|38340|832750|1066250|1288800|1601750
25|005|BRISTOLCOUNTY|MA|39300|832750|1066250|1288800|1601750
25|007|DUKESCOUNTY|MA|47240|1249125|1599375|1933200|2402625
25|009|ESSEXCOUNTY|MA|14460|962550|1232250|1489500|1851100
25|011|FRANKLINCOUNTY|MA|24640|832750|1066250|1288800|1601750
25|013|HAMPDENCOUNTY|MA|44140|832750|1066250|1288800|1601750
25|015|HAMPSHIRECOUNTY|MA|11200|832750|1066250|1288800|1601750
25|017|MIDDLESEXCOUNTY|MA|14460|962550|1232250|1489500|1851100
25|019|NANTUCKETCOUNTY|MA|34880|1249125|1599375|1933200|2402625
25|021|NORFOLKCOUNTY|MA|14460|962550|1232250|1489500|1851100
25|023|PLYMOUTHCOUNTY|MA|14460|962550|1232250|1489500|1851100
25|025|SUFFOLKCOUNTY|MA|14460|962550|1232250|1489500|1851100
25|027|WORCESTERCOUNTY|MA|49340|832750|1066250|1288800|1601750
26|001|ALCONACOUNTY|MI|99999|832750|1066250|1288800|1601750
26|003|ALGERCOUNTY|MI|99999|832750|1066250|1288800|1601750
26|005|ALLEGANCOUNTY|MI|26090|832750|1066250|1288800|1601750
26|007|ALPENACOUNTY|MI|10980|832750|1066250|1288800|1601750
26|009|ANTRIMCOUNTY|MI|99999|832750|1066250|1288800|1601750
26|011|ARENACCOUNTY|MI|99999|832750|1066250|1288800|1601750
26|013|BARAGACOUNTY|MI|99999|832750|1066250|1288800|1601750
26|015|BARRYCOUNTY|MI|24340|832750|1066250|1288800|1601750
26|017|BAYCOUNTY|MI|13020|832750|1066250|1288800|1601750
26|019|BENZIECOUNTY|MI|45900|832750|1066250|1288800|1601750
26|021|BERRIENCOUNTY|MI|35660|832750|1066250|1288800|1601750
26|023|BRANCHCOUNTY|MI|17740|832750|1066250|1288800|1601750
26|025|CALHOUNCOUNTY|MI|12980|832750|1066250|1288800|1601750
26|027|CASSCOUNTY|MI|43780|832750|1066250|1288800|1601750
26|029|CHARLEVOIXCOUNTY|MI|99999|832750|1066250|1288800|1601750
26|031|CHEBOYGANCOUNTY|MI|99999|832750|1066250|1288800|1601750
26|033|CHIPPEWACOUNTY|MI|42300|832750|1066250|1288800|1601750
26|035|CLARECOUNTY|MI|99999|832750|1066250|1288800|1601750
26|037|CLINTONCOUNTY|MI|29620|832750|1066250|1288800|1601750
26|039|CRAWFORDCOUNTY|MI|99999|832750|1066250|1288800|1601750
26|041|DELTACOUNTY|MI|21540|832750|1066250|1288800|1601750
26|043|DICKINSONCOUNTY|MI|27020|832750|1066250|1288800|1601750
26|045|EATONCOUNTY|MI|29620|832750|1066250|1288800|1601750
26|047|EMMETCOUNTY|MI|37950|832750|1066250|1288800|1601750
26|049|GENESEECOUNTY|MI|22420|832750|1066250|1288800|1601750
26|051|GLADWINCOUNTY|MI|99999|832750|1066250|1288800|1601750
26|053|GOGEBICCOUNTY|MI|99999|832750|1066250|1288800|1601750
26|055|GRANDTRAVERSECOUNTY|MI|45900|832750|1066250|1288800|1601750
26|057|GRATIOTCOUNTY|MI|10940|832750|1066250|1288800|1601750
26|059|HILLSDALECOUNTY|MI|25880|832750|1066250|1288800|1601750
26|061|HOUGHTONCOUNTY|MI|26340|832750|1066250|1288800|1601750
26|063|HURONCOUNTY|MI|99999|832750|1066250|1288800|1601750
26|065|INGHAMCOUNTY|MI|29620|832750|1066250|1288800|1601750
26|067|IONIACOUNTY|MI|24340|832750|1066250|1288800|1601750
26|069|IOSCOCOUNTY|MI|99999|832750|1066250|1288800|1601750
26|071|IRONCOUNTY|MI|99999|832750|1066250|1288800|1601750
26|073|ISABELLACOUNTY|MI|34380|832750|1066250|1288800|1601750
26|075|JACKSONCOUNTY|MI|27100|832750|1066250|1288800|1601750
26|077|KALAMAZOOCOUNTY|MI|28020|832750|1066250|1288800|1601750
26|079|KALKASKACOUNTY|MI|45900|832750|1066250|1288800|1601750
26|081|KENTCOUNTY|MI|24340|832750|1066250|1288800|1601750
26|083|KEWEENAWCOUNTY|MI|26340|832750|1066250|1288800|1601750
26|085|LAKECOUNTY|MI|99999|832750|1066250|1288800|1601750
26|087|LAPEERCOUNTY|MI|19820|832750|1066250|1288800|1601750
26|089|LEELANAUCOUNTY|MI|45900|832750|1066250|1288800|1601750
26|091|LENAWEECOUNTY|MI|10300|832750|1066250|1288800|1601750
26|093|LIVINGSTONCOUNTY|MI|19820|832750|1066250|1288800|1601750
26|095|LUCECOUNTY|MI|99999|832750|1066250|1288800|1601750
26|097|MACKINACCOUNTY|MI|99999|832750|1066250|1288800|1601750
26|099|MACOMBCOUNTY|MI|19820|832750|1066250|1288800|1601750
26|101|MANISTEECOUNTY|MI|99999|832750|1066250|1288800|1601750
26|103|MARQUETTECOUNTY|MI|32100|832750|1066250|1288800|1601750
26|105|MASONCOUNTY|MI|31220|832750|1066250|1288800|1601750
26|107|MECOSTACOUNTY|MI|13660|832750|1066250|1288800|1601750
26|109|MENOMINEECOUNTY|MI|31940|832750|1066250|1288800|1601750
26|111|MIDLANDCOUNTY|MI|33220|832750|1066250|1288800|1601750
26|113|MISSAUKEECOUNTY|MI|15620|832750|1066250|1288800|1601750
26|115|MONROECOUNTY|MI|33780|832750|1066250|1288800|1601750
26|117|MONTCALMCOUNTY|MI|24340|832750|1066250|1288800|1601750
26|119|MONTMORENCYCOUNTY|MI|99999|832750|1066250|1288800|1601750
26|121|MUSKEGONCOUNTY|MI|34740|832750|1066250|1288800|1601750
26|123|NEWAYGOCOUNTY|MI|99999|832750|1066250|1288800|1601750
26|125|OAKLANDCOUNTY|MI|19820|832750|1066250|1288800|1601750
26|127|OCEANACOUNTY|MI|99999|832750|1066250|1288800|1601750
26|129|OGEMAWCOUNTY|MI|99999|832750|1066250|1288800|1601750
26|131|ONTONAGONCOUNTY|MI|99999|832750|1066250|1288800|1601750
26|133|OSCEOLACOUNTY|MI|99999|832750|1066250|1288800|1601750
26|135|OSCODACOUNTY|MI|99999|832750|1066250|1288800|1601750
26|137|OTSEGOCOUNTY|MI|99999|832750|1066250|1288800|1601750
26|139|OTTAWACOUNTY|MI|24340|832750|1066250|1288800|1601750
26|141|PRESQUEISLECOUNTY|MI|99999|832750|1066250|1288800|1601750
26|143|ROSCOMMONCOUNTY|MI|99999|832750|1066250|1288800|1601750
26|145|SAGINAWCOUNTY|MI|40980|832750|1066250|1288800|1601750
26|147|ST.CLAIRCOUNTY|MI|19820|832750|1066250|1288800|1601750
26|149|ST.JOSEPHCOUNTY|MI|44780|832750|1066250|1288800|1601750
26|151|SANILACCOUNTY|MI|99999|832750|1066250|1288800|1601750
26|153|SCHOOLCRAFTCOUNTY|MI|99999|832750|1066250|1288800|1601750
26|155|SHIAWASSEECOUNTY|MI|37020|832750|1066250|1288800|1601750
26|157|TUSCOLACOUNTY|MI|99999|832750|1066250|1288800|1601750
26|159|VANBURENCOUNTY|MI|99999|832750|1066250|1288800|1601750
26|161|WASHTENAWCOUNTY|MI|11460|832750|1066250|1288800|1601750
26|163|WAYNECOUNTY|MI|19820|832750|1066250|1288800|1601750
26|165|WEXFORDCOUNTY|MI|15620|832750|1066250|1288800|1601750
27|001|AITKINCOUNTY|MN|99999|832750|1066250|1288800|1601750
27|003|ANOKACOUNTY|MN|33460|832750|1066250|1288800|1601750
27|005|BECKERCOUNTY|MN|19810|832750|1066250|1288800|1601750
27|007|BELTRAMICOUNTY|MN|13420|832750|1066250|1288800|1601750
27|009|BENTONCOUNTY|MN|41060|832750|1066250|1288800|1601750
27|011|BIGSTONECOUNTY|MN|99999|832750|1066250|1288800|1601750
27|013|BLUEEARTHCOUNTY|MN|31860|832750|1066250|1288800|1601750
27|015|BROWNCOUNTY|MN|35580|832750|1066250|1288800|1601750
27|017|CARLTONCOUNTY|MN|20260|832750|1066250|1288800|1601750
27|019|CARVERCOUNTY|MN|33460|832750|1066250|1288800|1601750
27|021|CASSCOUNTY|MN|14660|832750|1066250|1288800|1601750
27|023|CHIPPEWACOUNTY|MN|99999|832750|1066250|1288800|1601750
27|025|CHISAGOCOUNTY|MN|33460|832750|1066250|1288800|1601750
27|027|CLAYCOUNTY|MN|22020|832750|1066250|1288800|1601750
27|029|CLEARWATERCOUNTY|MN|99999|832750|1066250|1288800|1601750
27|031|COOKCOUNTY|MN|99999|832750|1066250|1288800|1601750
27|033|COTTONWOODCOUNTY|MN|99999|832750|1066250|1288800|1601750
27|035|CROWWINGCOUNTY|MN|14660|832750|1066250|1288800|1601750
27|037|DAKOTACOUNTY|MN|33460|832750|1066250|1288800|1601750
27|039|DODGECOUNTY|MN|40340|832750|1066250|1288800|1601750
27|041|DOUGLASCOUNTY|MN|10820|832750|1066250|1288800|1601750
27|043|FARIBAULTCOUNTY|MN|99999|832750|1066250|1288800|1601750
27|045|FILLMORECOUNTY|MN|40340|832750|1066250|1288800|1601750
27|047|FREEBORNCOUNTY|MN|10660|832750|1066250|1288800|1601750
27|049|GOODHUECOUNTY|MN|39860|832750|1066250|1288800|1601750
27|051|GRANTCOUNTY|MN|99999|832750|1066250|1288800|1601750
27|053|HENNEPINCOUNTY|MN|33460|832750|1066250|1288800|1601750
27|055|HOUSTONCOUNTY|MN|29100|832750|1066250|1288800|1601750
27|057|HUBBARDCOUNTY|MN|99999|832750|1066250|1288800|1601750
27|059|ISANTICOUNTY|MN|33460|832750|1066250|1288800|1601750
27|061|ITASCACOUNTY|MN|24330|832750|1066250|1288800|1601750
27|063|JACKSONCOUNTY|MN|99999|832750|1066250|1288800|1601750
27|065|KANABECCOUNTY|MN|99999|832750|1066250|1288800|1601750
27|067|KANDIYOHICOUNTY|MN|48820|832750|1066250|1288800|1601750
27|069|KITTSONCOUNTY|MN|99999|832750|1066250|1288800|1601750
27|071|KOOCHICHINGCOUNTY|MN|99999|832750|1066250|1288800|1601750
27|073|LACQUIPARLECOUNTY|MN|99999|832750|1066250|1288800|1601750
27|075|LAKECOUNTY|MN|99999|832750|1066250|1288800|1601750
27|077|LAKEOFTHEWOODSCOUNTY|MN|99999|832750|1066250|1288800|1601750
27|079|LESUEURCOUNTY|MN|33460|832750|1066250|1288800|1601750
27|081|LINCOLNCOUNTY|MN|99999|832750|1066250|1288800|1601750
27|083|LYONCOUNTY|MN|32140|832750|1066250|1288800|1601750
27|085|MCLEODCOUNTY|MN|26780|832750|1066250|1288800|1601750
27|087|MAHNOMENCOUNTY|MN|99999|832750|1066250|1288800|1601750
27|089|MARSHALLCOUNTY|MN|99999|832750|1066250|1288800|1601750
27|091|MARTINCOUNTY|MN|21860|832750|1066250|1288800|1601750
27|093|MEEKERCOUNTY|MN|99999|832750|1066250|1288800|1601750
27|095|MILLELACSCOUNTY|MN|33460|832750|1066250|1288800|1601750
27|097|MORRISONCOUNTY|MN|99999|832750|1066250|1288800|1601750
27|099|MOWERCOUNTY|MN|12380|832750|1066250|1288800|1601750
27|101|MURRAYCOUNTY|MN|99999|832750|1066250|1288800|1601750
27|103|NICOLLETCOUNTY|MN|31860|832750|1066250|1288800|1601750
27|105|NOBLESCOUNTY|MN|49380|832750|1066250|1288800|1601750
27|107|NORMANCOUNTY|MN|99999|832750|1066250|1288800|1601750
27|109|OLMSTEDCOUNTY|MN|40340|832750|1066250|1288800|1601750
27|111|OTTERTAILCOUNTY|MN|22260|832750|1066250|1288800|1601750
27|113|PENNINGTONCOUNTY|MN|99999|832750|1066250|1288800|1601750
27|115|PINECOUNTY|MN|99999|832750|1066250|1288800|1601750
27|117|PIPESTONECOUNTY|MN|99999|832750|1066250|1288800|1601750
27|119|POLKCOUNTY|MN|24220|832750|1066250|1288800|1601750
27|121|POPECOUNTY|MN|99999|832750|1066250|1288800|1601750
27|123|RAMSEYCOUNTY|MN|33460|832750|1066250|1288800|1601750
27|125|REDLAKECOUNTY|MN|99999|832750|1066250|1288800|1601750
27|127|REDWOODCOUNTY|MN|99999|832750|1066250|1288800|1601750
27|129|RENVILLECOUNTY|MN|99999|832750|1066250|1288800|1601750
27|131|RICECOUNTY|MN|22060|832750|1066250|1288800|1601750
27|133|ROCKCOUNTY|MN|43620|832750|1066250|1288800|1601750
27|135|ROSEAUCOUNTY|MN|99999|832750|1066250|1288800|1601750
27|137|ST.LOUISCOUNTY|MN|20260|832750|1066250|1288800|1601750
27|139|SCOTTCOUNTY|MN|33460|832750|1066250|1288800|1601750
27|141|SHERBURNECOUNTY|MN|33460|832750|1066250|1288800|1601750
27|143|SIBLEYCOUNTY|MN|99999|832750|1066250|1288800|1601750
27|145|STEARNSCOUNTY|MN|41060|832750|1066250|1288800|1601750
27|147|STEELECOUNTY|MN|36940|832750|1066250|1288800|1601750
27|149|STEVENSCOUNTY|MN|99999|832750|1066250|1288800|1601750
27|151|SWIFTCOUNTY|MN|99999|832750|1066250|1288800|1601750
27|153|TODDCOUNTY|MN|99999|832750|1066250|1288800|1601750
27|155|TRAVERSECOUNTY|MN|99999|832750|1066250|1288800|1601750
27|157|WABASHACOUNTY|MN|40340|832750|1066250|1288800|1601750
27|159|WADENACOUNTY|MN|99999|832750|1066250|1288800|1601750
27|161|WASECACOUNTY|MN|99999|832750|1066250|1288800|1601750
27|163|WASHINGTONCOUNTY|MN|33460|832750|1066250|1288800|1601750
27|165|WATONWANCOUNTY|MN|99999|832750|1066250|1288800|1601750
27|167|WILKINCOUNTY|MN|47420|832750|1066250|1288800|1601750
27|169|WINONACOUNTY|MN|49100|832750|1066250|1288800|1601750
27|171|WRIGHTCOUNTY|MN|33460|832750|1066250|1288800|1601750
27|173|YELLOWMEDICINECOUNTY|MN|99999|832750|1066250|1288800|1601750
28|001|ADAMSCOUNTY|MS|35020|832750|1066250|1288800|1601750
28|003|ALCORNCOUNTY|MS|18420|832750|1066250|1288800|1601750
28|005|AMITECOUNTY|MS|99999|832750|1066250|1288800|1601750
28|007|ATTALACOUNTY|MS|99999|832750|1066250|1288800|1601750
28|009|BENTONCOUNTY|MS|32820|832750|1066250|1288800|1601750
28|011|BOLIVARCOUNTY|MS|17380|832750|1066250|1288800|1601750
28|013|CALHOUNCOUNTY|MS|99999|832750|1066250|1288800|1601750
28|015|CARROLLCOUNTY|MS|24900|832750|1066250|1288800|1601750
28|017|CHICKASAWCOUNTY|MS|99999|832750|1066250|1288800|1601750
28|019|CHOCTAWCOUNTY|MS|99999|832750|1066250|1288800|1601750
28|021|CLAIBORNECOUNTY|MS|99999|832750|1066250|1288800|1601750
28|023|CLARKECOUNTY|MS|32940|832750|1066250|1288800|1601750
28|025|CLAYCOUNTY|MS|99999|832750|1066250|1288800|1601750
28|027|COAHOMACOUNTY|MS|17260|832750|1066250|1288800|1601750
28|029|COPIAHCOUNTY|MS|27140|832750|1066250|1288800|1601750
28|031|COVINGTONCOUNTY|MS|99999|832750|1066250|1288800|1601750
28|033|DESOTOCOUNTY|MS|32820|832750|1066250|1288800|1601750
28|035|FORRESTCOUNTY|MS|25620|832750|1066250|1288800|1601750
28|037|FRANKLINCOUNTY|MS|99999|832750|1066250|1288800|1601750
28|039|GEORGECOUNTY|MS|99999|832750|1066250|1288800|1601750
28|041|GREENECOUNTY|MS|99999|832750|1066250|1288800|1601750
28|043|GRENADACOUNTY|MS|24980|832750|1066250|1288800|1601750
28|045|HANCOCKCOUNTY|MS|25060|832750|1066250|1288800|1601750
28|047|HARRISONCOUNTY|MS|25060|832750|1066250|1288800|1601750
28|049|HINDSCOUNTY|MS|27140|832750|1066250|1288800|1601750
28|051|HOLMESCOUNTY|MS|27140|832750|1066250|1288800|1601750
28|053|HUMPHREYSCOUNTY|MS|99999|832750|1066250|1288800|1601750
28|055|ISSAQUENACOUNTY|MS|99999|832750|1066250|1288800|1601750
28|057|ITAWAMBACOUNTY|MS|46180|832750|1066250|1288800|1601750
28|059|JACKSONCOUNTY|MS|25060|832750|1066250|1288800|1601750
28|061|JASPERCOUNTY|MS|29860|832750|1066250|1288800|1601750
28|063|JEFFERSONCOUNTY|MS|35020|832750|1066250|1288800|1601750
28|065|JEFFERSONDAVISCOUNTY|MS|99999|832750|1066250|1288800|1601750
28|067|JONESCOUNTY|MS|29860|832750|1066250|1288800|1601750
28|069|KEMPERCOUNTY|MS|99999|832750|1066250|1288800|1601750
28|071|LAFAYETTECOUNTY|MS|37060|832750|1066250|1288800|1601750
28|073|LAMARCOUNTY|MS|25620|832750|1066250|1288800|1601750
28|075|LAUDERDALECOUNTY|MS|32940|832750|1066250|1288800|1601750
28|077|LAWRENCECOUNTY|MS|99999|832750|1066250|1288800|1601750
28|079|LEAKECOUNTY|MS|99999|832750|1066250|1288800|1601750
28|081|LEECOUNTY|MS|46180|832750|1066250|1288800|1601750
28|083|LEFLORECOUNTY|MS|24900|832750|1066250|1288800|1601750
28|085|LINCOLNCOUNTY|MS|15020|832750|1066250|1288800|1601750
28|087|LOWNDESCOUNTY|MS|18060|832750|1066250|1288800|1601750
28|089|MADISONCOUNTY|MS|27140|832750|1066250|1288800|1601750
28|091|MARIONCOUNTY|MS|99999|832750|1066250|1288800|1601750
28|093|MARSHALLCOUNTY|MS|32820|832750|1066250|1288800|1601750
28|095|MONROECOUNTY|MS|99999|832750|1066250|1288800|1601750
28|097|MONTGOMERYCOUNTY|MS|24980|832750|1066250|1288800|1601750
28|099|NESHOBACOUNTY|MS|99999|832750|1066250|1288800|1601750
28|101|NEWTONCOUNTY|MS|99999|832750|1066250|1288800|1601750
28|103|NOXUBEECOUNTY|MS|18060|832750|1066250|1288800|1601750
28|105|OKTIBBEHACOUNTY|MS|44260|832750|1066250|1288800|1601750
28|107|PANOLACOUNTY|MS|99999|832750|1066250|1288800|1601750
28|109|PEARLRIVERCOUNTY|MS|38100|832750|1066250|1288800|1601750
28|111|PERRYCOUNTY|MS|25620|832750|1066250|1288800|1601750
28|113|PIKECOUNTY|MS|32620|832750|1066250|1288800|1601750
28|115|PONTOTOCCOUNTY|MS|99999|832750|1066250|1288800|1601750
28|117|PRENTISSCOUNTY|MS|46180|832750|1066250|1288800|1601750
28|119|QUITMANCOUNTY|MS|99999|832750|1066250|1288800|1601750
28|121|RANKINCOUNTY|MS|27140|832750|1066250|1288800|1601750
28|123|SCOTTCOUNTY|MS|27140|832750|1066250|1288800|1601750
28|125|SHARKEYCOUNTY|MS|99999|832750|1066250|1288800|1601750
28|127|SIMPSONCOUNTY|MS|27140|832750|1066250|1288800|1601750
28|129|SMITHCOUNTY|MS|99999|832750|1066250|1288800|1601750
28|131|STONECOUNTY|MS|25060|832750|1066250|1288800|1601750
28|133|SUNFLOWERCOUNTY|MS|99999|832750|1066250|1288800|1601750
28|135|TALLAHATCHIECOUNTY|MS|99999|832750|1066250|1288800|1601750
28|137|TATECOUNTY|MS|32820|832750|1066250|1288800|1601750
28|139|TIPPAHCOUNTY|MS|99999|832750|1066250|1288800|1601750
28|141|TISHOMINGOCOUNTY|MS|99999|832750|1066250|1288800|1601750
28|143|TUNICACOUNTY|MS|32820|832750|1066250|1288800|1601750
28|145|UNIONCOUNTY|MS|99999|832750|1066250|1288800|1601750
28|147|WALTHALLCOUNTY|MS|32620|832750|1066250|1288800|1601750
28|149|WARRENCOUNTY|MS|46980|832750|1066250|1288800|1601750
28|151|WASHINGTONCOUNTY|MS|24740|832750|1066250|1288800|1601750
28|153|WAYNECOUNTY|MS|99999|832750|1066250|1288800|1601750
28|155|WEBSTERCOUNTY|MS|44260|832750|1066250|1288800|1601750
28|157|WILKINSONCOUNTY|MS|99999|832750|1066250|1288800|1601750
28|159|WINSTONCOUNTY|MS|99999|832750|1066250|1288800|1601750
28|161|YALOBUSHACOUNTY|MS|37060|832750|1066250|1288800|1601750
28|163|YAZOOCOUNTY|MS|27140|832750|1066250|1288800|1601750
29|001|ADAIRCOUNTY|MO|28860|832750|1066250|1288800|1601750
29|003|ANDREWCOUNTY|MO|41140|832750|1066250|1288800|1601750
29|005|ATCHISONCOUNTY|MO|99999|832750|1066250|1288800|1601750
29|007|AUDRAINCOUNTY|MO|33020|832750|1066250|1288800|1601750
29|009|BARRYCOUNTY|MO|99999|832750|1066250|1288800|1601750
29|011|BARTONCOUNTY|MO|99999|832750|1066250|1288800|1601750
29|013|BATESCOUNTY|MO|28140|832750|1066250|1288800|1601750
29|015|BENTONCOUNTY|MO|99999|832750|1066250|1288800|1601750
29|017|BOLLINGERCOUNTY|MO|16020|832750|1066250|1288800|1601750
29|019|BOONECOUNTY|MO|17860|832750|1066250|1288800|1601750
29|021|BUCHANANCOUNTY|MO|41140|832750|1066250|1288800|1601750
29|023|BUTLERCOUNTY|MO|38740|832750|1066250|1288800|1601750
29|025|CALDWELLCOUNTY|MO|28140|832750|1066250|1288800|1601750
29|027|CALLAWAYCOUNTY|MO|27620|832750|1066250|1288800|1601750
29|029|CAMDENCOUNTY|MO|99999|832750|1066250|1288800|1601750
29|031|CAPEGIRARDEAUCOUNTY|MO|16020|832750|1066250|1288800|1601750
29|033|CARROLLCOUNTY|MO|99999|832750|1066250|1288800|1601750
29|035|CARTERCOUNTY|MO|99999|832750|1066250|1288800|1601750
29|037|CASSCOUNTY|MO|28140|832750|1066250|1288800|1601750
29|039|CEDARCOUNTY|MO|99999|832750|1066250|1288800|1601750
29|041|CHARITONCOUNTY|MO|99999|832750|1066250|1288800|1601750
29|043|CHRISTIANCOUNTY|MO|44180|832750|1066250|1288800|1601750
29|045|CLARKCOUNTY|MO|99999|832750|1066250|1288800|1601750
29|047|CLAYCOUNTY|MO|28140|832750|1066250|1288800|1601750
29|049|CLINTONCOUNTY|MO|28140|832750|1066250|1288800|1601750
29|051|COLECOUNTY|MO|27620|832750|1066250|1288800|1601750
29|053|COOPERCOUNTY|MO|17860|832750|1066250|1288800|1601750
29|055|CRAWFORDCOUNTY|MO|99999|832750|1066250|1288800|1601750
29|057|DADECOUNTY|MO|99999|832750|1066250|1288800|1601750
29|059|DALLASCOUNTY|MO|44180|832750|1066250|1288800|1601750
29|061|DAVIESSCOUNTY|MO|99999|832750|1066250|1288800|1601750
29|063|DEKALBCOUNTY|MO|41140|832750|1066250|1288800|1601750
29|065|DENTCOUNTY|MO|99999|832750|1066250|1288800|1601750
29|067|DOUGLASCOUNTY|MO|99999|832750|1066250|1288800|1601750
29|069|DUNKLINCOUNTY|MO|28380|832750|1066250|1288800|1601750
29|071|FRANKLINCOUNTY|MO|41180|832750|1066250|1288800|1601750
29|073|GASCONADECOUNTY|MO|99999|832750|1066250|1288800|1601750
29|075|GENTRYCOUNTY|MO|99999|832750|1066250|1288800|1601750
29|077|GREENECOUNTY|MO|44180|832750|1066250|1288800|1601750
29|079|GRUNDYCOUNTY|MO|99999|832750|1066250|1288800|1601750
29|081|HARRISONCOUNTY|MO|99999|832750|1066250|1288800|1601750
29|083|HENRYCOUNTY|MO|99999|832750|1066250|1288800|1601750
29|085|HICKORYCOUNTY|MO|99999|832750|1066250|1288800|1601750
29|087|HOLTCOUNTY|MO|99999|832750|1066250|1288800|1601750
29|089|HOWARDCOUNTY|MO|17860|832750|1066250|1288800|1601750
29|091|HOWELLCOUNTY|MO|48460|832750|1066250|1288800|1601750
29|093|IRONCOUNTY|MO|99999|832750|1066250|1288800|1601750
29|095|JACKSONCOUNTY|MO|28140|832750|1066250|1288800|1601750
29|097|JASPERCOUNTY|MO|27900|832750|1066250|1288800|1601750
29|099|JEFFERSONCOUNTY|MO|41180|832750|1066250|1288800|1601750
29|101|JOHNSONCOUNTY|MO|47660|832750|1066250|1288800|1601750
29|103|KNOXCOUNTY|MO|99999|832750|1066250|1288800|1601750
29|105|LACLEDECOUNTY|MO|30060|832750|1066250|1288800|1601750
29|107|LAFAYETTECOUNTY|MO|28140|832750|1066250|1288800|1601750
29|109|LAWRENCECOUNTY|MO|99999|832750|1066250|1288800|1601750
29|111|LEWISCOUNTY|MO|39500|832750|1066250|1288800|1601750
29|113|LINCOLNCOUNTY|MO|41180|832750|1066250|1288800|1601750
29|115|LINNCOUNTY|MO|99999|832750|1066250|1288800|1601750
29|117|LIVINGSTONCOUNTY|MO|99999|832750|1066250|1288800|1601750
29|119|MCDONALDCOUNTY|MO|99999|832750|1066250|1288800|1601750
29|121|MACONCOUNTY|MO|99999|832750|1066250|1288800|1601750
29|123|MADISONCOUNTY|MO|99999|832750|1066250|1288800|1601750
29|125|MARIESCOUNTY|MO|99999|832750|1066250|1288800|1601750
29|127|MARIONCOUNTY|MO|25300|832750|1066250|1288800|1601750
29|129|MERCERCOUNTY|MO|99999|832750|1066250|1288800|1601750
29|131|MILLERCOUNTY|MO|99999|832750|1066250|1288800|1601750
29|133|MISSISSIPPICOUNTY|MO|43460|832750|1066250|1288800|1601750
29|135|MONITEAUCOUNTY|MO|27620|832750|1066250|1288800|1601750
29|137|MONROECOUNTY|MO|99999|832750|1066250|1288800|1601750
29|139|MONTGOMERYCOUNTY|MO|99999|832750|1066250|1288800|1601750
29|141|MORGANCOUNTY|MO|99999|832750|1066250|1288800|1601750
29|143|NEWMADRIDCOUNTY|MO|99999|832750|1066250|1288800|1601750
29|145|NEWTONCOUNTY|MO|27900|832750|1066250|1288800|1601750
29|147|NODAWAYCOUNTY|MO|32340|832750|1066250|1288800|1601750
29|149|OREGONCOUNTY|MO|99999|832750|1066250|1288800|1601750
29|151|OSAGECOUNTY|MO|27620|832750|1066250|1288800|1601750
29|153|OZARKCOUNTY|MO|99999|832750|1066250|1288800|1601750
29|155|PEMISCOTCOUNTY|MO|99999|832750|1066250|1288800|1601750
29|157|PERRYCOUNTY|MO|99999|832750|1066250|1288800|1601750
29|159|PETTISCOUNTY|MO|42740|832750|1066250|1288800|1601750
29|161|PHELPSCOUNTY|MO|40620|832750|1066250|1288800|1601750
29|163|PIKECOUNTY|MO|99999|832750|1066250|1288800|1601750
29|165|PLATTECOUNTY|MO|28140|832750|1066250|1288800|1601750
29|167|POLKCOUNTY|MO|44180|832750|1066250|1288800|1601750
29|169|PULASKICOUNTY|MO|22780|832750|1066250|1288800|1601750
29|171|PUTNAMCOUNTY|MO|99999|832750|1066250|1288800|1601750
29|173|RALLSCOUNTY|MO|25300|832750|1066250|1288800|1601750
29|175|RANDOLPHCOUNTY|MO|33620|832750|1066250|1288800|1601750
29|177|RAYCOUNTY|MO|28140|832750|1066250|1288800|1601750
29|179|REYNOLDSCOUNTY|MO|99999|832750|1066250|1288800|1601750
29|181|RIPLEYCOUNTY|MO|99999|832750|1066250|1288800|1601750
29|183|ST.CHARLESCOUNTY|MO|41180|832750|1066250|1288800|1601750
29|185|ST.CLAIRCOUNTY|MO|99999|832750|1066250|1288800|1601750
29|186|STE.GENEVIEVECOUNTY|MO|99999|832750|1066250|1288800|1601750
29|187|ST.FRANCOISCOUNTY|MO|22100|832750|1066250|1288800|1601750
29|189|ST.LOUISCOUNTY|MO|41180|832750|1066250|1288800|1601750
29|195|SALINECOUNTY|MO|32180|832750|1066250|1288800|1601750
29|197|SCHUYLERCOUNTY|MO|28860|832750|1066250|1288800|1601750
29|199|SCOTLANDCOUNTY|MO|99999|832750|1066250|1288800|1601750
29|201|SCOTTCOUNTY|MO|43460|832750|1066250|1288800|1601750
29|203|SHANNONCOUNTY|MO|99999|832750|1066250|1288800|1601750
29|205|SHELBYCOUNTY|MO|99999|832750|1066250|1288800|1601750
29|207|STODDARDCOUNTY|MO|99999|832750|1066250|1288800|1601750
29|209|STONECOUNTY|MO|99999|832750|1066250|1288800|1601750
29|211|SULLIVANCOUNTY|MO|99999|832750|1066250|1288800|1601750
29|213|TANEYCOUNTY|MO|14700|832750|1066250|1288800|1601750
29|215|TEXASCOUNTY|MO|99999|832750|1066250|1288800|1601750
29|217|VERNONCOUNTY|MO|99999|832750|1066250|1288800|1601750
29|219|WARRENCOUNTY|MO|41180|832750|1066250|1288800|1601750
29|221|WASHINGTONCOUNTY|MO|99999|832750|1066250|1288800|1601750
29|223|WAYNECOUNTY|MO|99999|832750|1066250|1288800|1601750
29|225|WEBSTERCOUNTY|MO|44180|832750|1066250|1288800|1601750
29|227|WORTHCOUNTY|MO|99999|832750|1066250|1288800|1601750
29|229|WRIGHTCOUNTY|MO|99999|832750|1066250|1288800|1601750
29|510|ST.LOUISCITY|MO|41180|832750|1066250|1288800|1601750
30|001|BEAVERHEADCOUNTY|MT|99999|832750|1066250|1288800|1601750
30|003|BIGHORNCOUNTY|MT|99999|832750|1066250|1288800|1601750
30|005|BLAINECOUNTY|MT|99999|832750|1066250|1288800|1601750
30|007|BROADWATERCOUNTY|MT|25740|832750|1066250|1288800|1601750
30|009|CARBONCOUNTY|MT|13740|832750|1066250|1288800|1601750
30|011|CARTERCOUNTY|MT|99999|832750|1066250|1288800|1601750
30|013|CASCADECOUNTY|MT|24500|832750|1066250|1288800|1601750
30|015|CHOUTEAUCOUNTY|MT|99999|832750|1066250|1288800|1601750
30|017|CUSTERCOUNTY|MT|99999|832750|1066250|1288800|1601750
30|019|DANIELSCOUNTY|MT|99999|832750|1066250|1288800|1601750
30|021|DAWSONCOUNTY|MT|99999|832750|1066250|1288800|1601750
30|023|DEERLODGECOUNTY|MT|99999|832750|1066250|1288800|1601750
30|025|FALLONCOUNTY|MT|99999|832750|1066250|1288800|1601750
30|027|FERGUSCOUNTY|MT|99999|832750|1066250|1288800|1601750
30|029|FLATHEADCOUNTY|MT|28060|832750|1066250|1288800|1601750
30|031|GALLATINCOUNTY|MT|14580|832750|1066250|1288800|1601750
30|033|GARFIELDCOUNTY|MT|99999|832750|1066250|1288800|1601750
30|035|GLACIERCOUNTY|MT|99999|832750|1066250|1288800|1601750
30|037|GOLDENVALLEYCOUNTY|MT|99999|832750|1066250|1288800|1601750
30|039|GRANITECOUNTY|MT|99999|832750|1066250|1288800|1601750
30|041|HILLCOUNTY|MT|99999|832750|1066250|1288800|1601750
30|043|JEFFERSONCOUNTY|MT|25740|832750|1066250|1288800|1601750
30|045|JUDITHBASINCOUNTY|MT|99999|832750|1066250|1288800|1601750
30|047|LAKECOUNTY|MT|99999|832750|1066250|1288800|1601750
30|049|LEWISANDCLARKCOUNTY|MT|25740|832750|1066250|1288800|1601750
30|051|LIBERTYCOUNTY|MT|99999|832750|1066250|1288800|1601750
30|053|LINCOLNCOUNTY|MT|99999|832750|1066250|1288800|1601750
30|055|MCCONECOUNTY|MT|99999|832750|1066250|1288800|1601750
30|057|MADISONCOUNTY|MT|99999|832750|1066250|1288800|1601750
30|059|MEAGHERCOUNTY|MT|99999|832750|1066250|1288800|1601750
30|061|MINERALCOUNTY|MT|33540|832750|1066250|1288800|1601750
30|063|MISSOULACOUNTY|MT|33540|832750|1066250|1288800|1601750
30|065|MUSSELSHELLCOUNTY|MT|99999|832750|1066250|1288800|1601750
30|067|PARKCOUNTY|MT|99999|832750|1066250|1288800|1601750
30|069|PETROLEUMCOUNTY|MT|99999|832750|1066250|1288800|1601750
30|071|PHILLIPSCOUNTY|MT|99999|832750|1066250|1288800|1601750
30|073|PONDERACOUNTY|MT|99999|832750|1066250|1288800|1601750
30|075|POWDERRIVERCOUNTY|MT|99999|832750|1066250|1288800|1601750
30|077|POWELLCOUNTY|MT|99999|832750|1066250|1288800|1601750
30|079|PRAIRIECOUNTY|MT|99999|832750|1066250|1288800|1601750
30|081|RAVALLICOUNTY|MT|99999|832750|1066250|1288800|1601750
30|083|RICHLANDCOUNTY|MT|99999|832750|1066250|1288800|1601750
30|085|ROOSEVELTCOUNTY|MT|99999|832750|1066250|1288800|1601750
30|087|ROSEBUDCOUNTY|MT|99999|832750|1066250|1288800|1601750
30|089|SANDERSCOUNTY|MT|99999|832750|1066250|1288800|1601750
30|091|SHERIDANCOUNTY|MT|99999|832750|1066250|1288800|1601750
30|093|SILVERBOWCOUNTY|MT|15580|832750|1066250|1288800|1601750
30|095|STILLWATERCOUNTY|MT|13740|832750|1066250|1288800|1601750
30|097|SWEETGRASSCOUNTY|MT|99999|832750|1066250|1288800|1601750
30|099|TETONCOUNTY|MT|99999|832750|1066250|1288800|1601750
30|101|TOOLECOUNTY|MT|99999|832750|1066250|1288800|1601750
30|103|TREASURECOUNTY|MT|99999|832750|1066250|1288800|1601750
30|105|VALLEYCOUNTY|MT|99999|832750|1066250|1288800|1601750
30|107|WHEATLANDCOUNTY|MT|99999|832750|1066250|1288800|1601750
30|109|WIBAUXCOUNTY|MT|99999|832750|1066250|1288800|1601750
30|111|YELLOWSTONECOUNTY|MT|13740|832750|1066250|1288800|1601750
31|001|ADAMSCOUNTY|NE|25580|832750|1066250|1288800|1601750
31|003|ANTELOPECOUNTY|NE|99999|832750|1066250|1288800|1601750
31|005|ARTHURCOUNTY|NE|99999|832750|1066250|1288800|1601750
31|007|BANNERCOUNTY|NE|42420|832750|1066250|1288800|1601750
31|009|BLAINECOUNTY|NE|99999|832750|1066250|1288800|1601750
31|011|BOONECOUNTY|NE|99999|832750|1066250|1288800|1601750
31|013|BOXBUTTECOUNTY|NE|99999|832750|1066250|1288800|1601750
31|015|BOYDCOUNTY|NE|99999|832750|1066250|1288800|1601750
31|017|BROWNCOUNTY|NE|99999|832750|1066250|1288800|1601750
31|019|BUFFALOCOUNTY|NE|28260|832750|1066250|1288800|1601750
31|021|BURTCOUNTY|NE|99999|832750|1066250|1288800|1601750
31|023|BUTLERCOUNTY|NE|99999|832750|1066250|1288800|1601750
31|025|CASSCOUNTY|NE|36540|832750|1066250|1288800|1601750
31|027|CEDARCOUNTY|NE|99999|832750|1066250|1288800|1601750
31|029|CHASECOUNTY|NE|99999|832750|1066250|1288800|1601750
31|031|CHERRYCOUNTY|NE|99999|832750|1066250|1288800|1601750
31|033|CHEYENNECOUNTY|NE|99999|832750|1066250|1288800|1601750
31|035|CLAYCOUNTY|NE|25580|832750|1066250|1288800|1601750
31|037|COLFAXCOUNTY|NE|18100|832750|1066250|1288800|1601750
31|039|CUMINGCOUNTY|NE|99999|832750|1066250|1288800|1601750
31|041|CUSTERCOUNTY|NE|99999|832750|1066250|1288800|1601750
31|043|DAKOTACOUNTY|NE|43580|832750|1066250|1288800|1601750
31|045|DAWESCOUNTY|NE|99999|832750|1066250|1288800|1601750
31|047|DAWSONCOUNTY|NE|30420|832750|1066250|1288800|1601750
31|049|DEUELCOUNTY|NE|99999|832750|1066250|1288800|1601750
31|051|DIXONCOUNTY|NE|99999|832750|1066250|1288800|1601750
31|053|DODGECOUNTY|NE|23340|832750|1066250|1288800|1601750
31|055|DOUGLASCOUNTY|NE|36540|832750|1066250|1288800|1601750
31|057|DUNDYCOUNTY|NE|99999|832750|1066250|1288800|1601750
31|059|FILLMORECOUNTY|NE|99999|832750|1066250|1288800|1601750
31|061|FRANKLINCOUNTY|NE|99999|832750|1066250|1288800|1601750
31|063|FRONTIERCOUNTY|NE|99999|832750|1066250|1288800|1601750
31|065|FURNASCOUNTY|NE|99999|832750|1066250|1288800|1601750
31|067|GAGECOUNTY|NE|13100|832750|1066250|1288800|1601750
31|069|GARDENCOUNTY|NE|99999|832750|1066250|1288800|1601750
31|071|GARFIELDCOUNTY|NE|99999|832750|1066250|1288800|1601750
31|073|GOSPERCOUNTY|NE|30420|832750|1066250|1288800|1601750
31|075|GRANTCOUNTY|NE|99999|832750|1066250|1288800|1601750
31|077|GREELEYCOUNTY|NE|99999|832750|1066250|1288800|1601750
31|079|HALLCOUNTY|NE|24260|832750|1066250|1288800|1601750
31|081|HAMILTONCOUNTY|NE|99999|832750|1066250|1288800|1601750
31|083|HARLANCOUNTY|NE|99999|832750|1066250|1288800|1601750
31|085|HAYESCOUNTY|NE|99999|832750|1066250|1288800|1601750
31|087|HITCHCOCKCOUNTY|NE|99999|832750|1066250|1288800|1601750
31|089|HOLTCOUNTY|NE|99999|832750|1066250|1288800|1601750
31|091|HOOKERCOUNTY|NE|99999|832750|1066250|1288800|1601750
31|093|HOWARDCOUNTY|NE|24260|832750|1066250|1288800|1601750
31|095|JEFFERSONCOUNTY|NE|99999|832750|1066250|1288800|1601750
31|097|JOHNSONCOUNTY|NE|99999|832750|1066250|1288800|1601750
31|099|KEARNEYCOUNTY|NE|28260|832750|1066250|1288800|1601750
31|101|KEITHCOUNTY|NE|99999|832750|1066250|1288800|1601750
31|103|KEYAPAHACOUNTY|NE|99999|832750|1066250|1288800|1601750
31|105|KIMBALLCOUNTY|NE|99999|832750|1066250|1288800|1601750
31|107|KNOXCOUNTY|NE|99999|832750|1066250|1288800|1601750
31|109|LANCASTERCOUNTY|NE|30700|832750|1066250|1288800|1601750
31|111|LINCOLNCOUNTY|NE|35820|832750|1066250|1288800|1601750
31|113|LOGANCOUNTY|NE|35820|832750|1066250|1288800|1601750
31|115|LOUPCOUNTY|NE|99999|832750|1066250|1288800|1601750
31|117|MCPHERSONCOUNTY|NE|99999|832750|1066250|1288800|1601750
31|119|MADISONCOUNTY|NE|35740|832750|1066250|1288800|1601750
31|121|MERRICKCOUNTY|NE|24260|832750|1066250|1288800|1601750
31|123|MORRILLCOUNTY|NE|99999|832750|1066250|1288800|1601750
31|125|NANCECOUNTY|NE|99999|832750|1066250|1288800|1601750
31|127|NEMAHACOUNTY|NE|99999|832750|1066250|1288800|1601750
31|129|NUCKOLLSCOUNTY|NE|99999|832750|1066250|1288800|1601750
31|131|OTOECOUNTY|NE|99999|832750|1066250|1288800|1601750
31|133|PAWNEECOUNTY|NE|99999|832750|1066250|1288800|1601750
31|135|PERKINSCOUNTY|NE|99999|832750|1066250|1288800|1601750
31|137|PHELPSCOUNTY|NE|99999|832750|1066250|1288800|1601750
31|139|PIERCECOUNTY|NE|35740|832750|1066250|1288800|1601750
31|141|PLATTECOUNTY|NE|18100|832750|1066250|1288800|1601750
31|143|POLKCOUNTY|NE|99999|832750|1066250|1288800|1601750
31|145|REDWILLOWCOUNTY|NE|99999|832750|1066250|1288800|1601750
31|147|RICHARDSONCOUNTY|NE|99999|832750|1066250|1288800|1601750
31|149|ROCKCOUNTY|NE|99999|832750|1066250|1288800|1601750
31|151|SALINECOUNTY|NE|99999|832750|1066250|1288800|1601750
31|153|SARPYCOUNTY|NE|36540|832750|1066250|1288800|1601750
31|155|SAUNDERSCOUNTY|NE|36540|832750|1066250|1288800|1601750
31|157|SCOTTSBLUFFCOUNTY|NE|42420|832750|1066250|1288800|1601750
31|159|SEWARDCOUNTY|NE|30700|832750|1066250|1288800|1601750
31|161|SHERIDANCOUNTY|NE|99999|832750|1066250|1288800|1601750
31|163|SHERMANCOUNTY|NE|99999|832750|1066250|1288800|1601750
31|165|SIOUXCOUNTY|NE|99999|832750|1066250|1288800|1601750
31|167|STANTONCOUNTY|NE|35740|832750|1066250|1288800|1601750
31|169|THAYERCOUNTY|NE|99999|832750|1066250|1288800|1601750
31|171|THOMASCOUNTY|NE|99999|832750|1066250|1288800|1601750
31|173|THURSTONCOUNTY|NE|99999|832750|1066250|1288800|1601750
31|175|VALLEYCOUNTY|NE|99999|832750|1066250|1288800|1601750
31|177|WASHINGTONCOUNTY|NE|36540|832750|1066250|1288800|1601750
31|179|WAYNECOUNTY|NE|99999|832750|1066250|1288800|1601750
31|181|WEBSTERCOUNTY|NE|25580|832750|1066250|1288800|1601750
31|183|WHEELERCOUNTY|NE|99999|832750|1066250|1288800|1601750
31|185|YORKCOUNTY|NE|99999|832750|1066250|1288800|1601750
32|001|CHURCHILLCOUNTY|NV|21980|832750|1066250|1288800|1601750
32|003|CLARKCOUNTY|NV|29820|832750|1066250|1288800|1601750
32|005|DOUGLASCOUNTY|NV|23820|832750|1066250|1288800|1601750
32|007|ELKOCOUNTY|NV|21220|832750|1066250|1288800|1601750
32|009|ESMERALDACOUNTY|NV|99999|832750|1066250|1288800|1601750
32|011|EUREKACOUNTY|NV|21220|832750|1066250|1288800|1601750
32|013|HUMBOLDTCOUNTY|NV|49080|832750|1066250|1288800|1601750
32|015|LANDERCOUNTY|NV|99999|832750|1066250|1288800|1601750
32|017|LINCOLNCOUNTY|NV|99999|832750|1066250|1288800|1601750
32|019|LYONCOUNTY|NV|39900|832750|1066250|1288800|1601750
32|021|MINERALCOUNTY|NV|99999|832750|1066250|1288800|1601750
32|023|NYECOUNTY|NV|37220|832750|1066250|1288800|1601750
32|027|PERSHINGCOUNTY|NV|99999|832750|1066250|1288800|1601750
32|029|STOREYCOUNTY|NV|39900|832750|1066250|1288800|1601750
32|031|WASHOECOUNTY|NV|39900|832750|1066250|1288800|1601750
32|033|WHITEPINECOUNTY|NV|99999|832750|1066250|1288800|1601750
32|510|CARSONCITY|NV|16180|832750|1066250|1288800|1601750
33|001|BELKNAPCOUNTY|NH|29060|832750|1066250|1288800|1601750
33|003|CARROLLCOUNTY|NH|99999|832750|1066250|1288800|1601750
33|005|CHESHIRECOUNTY|NH|28300|832750|1066250|1288800|1601750
33|007|COOSCOUNTY|NH|99999|832750|1066250|1288800|1601750
33|009|GRAFTONCOUNTY|NH|30150|832750|1066250|1288800|1601750
33|011|HILLSBOROUGHCOUNTY|NH|31700|832750|1066250|1288800|1601750
33|013|MERRIMACKCOUNTY|NH|18180|832750|1066250|1288800|1601750
33|015|ROCKINGHAMCOUNTY|NH|14460|962550|1232250|1489500|1851100
33|017|STRAFFORDCOUNTY|NH|14460|962550|1232250|1489500|1851100
33|019|SULLIVANCOUNTY|NH|30150|832750|1066250|1288800|1601750
34|001|ATLANTICCOUNTY|NJ|12100|832750|1066250|1288800|1601750
34|003|BERGENCOUNTY|NJ|35620|1209750|1548975|1872225|2326875
34|005|BURLINGTONCOUNTY|NJ|37980|832750|1066250|1288800|1601750
34|007|CAMDENCOUNTY|NJ|37980|832750|1066250|1288800|1601750
34|009|CAPEMAYCOUNTY|NJ|12100|832750|1066250|1288800|1601750
34|011|CUMBERLANDCOUNTY|NJ|47220|832750|1066250|1288800|1601750
34|013|ESSEXCOUNTY|NJ|35620|1209750|1548975|1872225|2326875
34|015|GLOUCESTERCOUNTY|NJ|37980|832750|1066250|1288800|1601750
34|017|HUDSONCOUNTY|NJ|35620|1209750|1548975|1872225|2326875
34|019|HUNTERDONCOUNTY|NJ|35620|1209750|1548975|1872225|2326875
34|021|MERCERCOUNTY|NJ|45940|832750|1066250|1288800|1601750
34|023|MIDDLESEXCOUNTY|NJ|35620|1209750|1548975|1872225|2326875
34|025|MONMOUTHCOUNTY|NJ|35620|1209750|1548975|1872225|2326875
34|027|MORRISCOUNTY|NJ|35620|1209750|1548975|1872225|2326875
34|029|OCEANCOUNTY|NJ|35620|1209750|1548975|1872225|2326875
34|031|PASSAICCOUNTY|NJ|35620|1209750|1548975|1872225|2326875
34|033|SALEMCOUNTY|NJ|37980|832750|1066250|1288800|1601750
34|035|SOMERSETCOUNTY|NJ|35620|1209750|1548975|1872225|2326875
34|037|SUSSEXCOUNTY|NJ|35620|1209750|1548975|1872225|2326875
34|039|UNIONCOUNTY|NJ|35620|1209750|1548975|1872225|2326875
34|041|WARRENCOUNTY|NJ|10900|832750|1066250|1288800|1601750
35|001|BERNALILLOCOUNTY|NM|10740|832750|1066250|1288800|1601750
35|003|CATRONCOUNTY|NM|99999|832750|1066250|1288800|1601750
35|005|CHAVESCOUNTY|NM|40740|832750|1066250|1288800|1601750
35|006|CIBOLACOUNTY|NM|99999|832750|1066250|1288800|1601750
35|007|COLFAXCOUNTY|NM|99999|832750|1066250|1288800|1601750
35|009|CURRYCOUNTY|NM|17580|832750|1066250|1288800|1601750
35|011|DEBACACOUNTY|NM|99999|832750|1066250|1288800|1601750
35|013|DONAANACOUNTY|NM|29740|832750|1066250|1288800|1601750
35|015|EDDYCOUNTY|NM|16100|832750|1066250|1288800|1601750
35|017|GRANTCOUNTY|NM|43500|832750|1066250|1288800|1601750
35|019|GUADALUPECOUNTY|NM|99999|832750|1066250|1288800|1601750
35|021|HARDINGCOUNTY|NM|99999|832750|1066250|1288800|1601750
35|023|HIDALGOCOUNTY|NM|99999|832750|1066250|1288800|1601750
35|025|LEACOUNTY|NM|26020|832750|1066250|1288800|1601750
35|027|LINCOLNCOUNTY|NM|40760|832750|1066250|1288800|1601750
35|028|LOSALAMOSCOUNTY|NM|31060|832750|1066250|1288800|1601750
35|029|LUNACOUNTY|NM|19700|832750|1066250|1288800|1601750
35|031|MCKINLEYCOUNTY|NM|23700|832750|1066250|1288800|1601750
35|033|MORACOUNTY|NM|29780|832750|1066250|1288800|1601750
35|035|OTEROCOUNTY|NM|10460|832750|1066250|1288800|1601750
35|037|QUAYCOUNTY|NM|99999|832750|1066250|1288800|1601750
35|039|RIOARRIBACOUNTY|NM|21580|832750|1066250|1288800|1601750
35|041|ROOSEVELTCOUNTY|NM|17580|832750|1066250|1288800|1601750
35|043|SANDOVALCOUNTY|NM|10740|832750|1066250|1288800|1601750
35|045|SANJUANCOUNTY|NM|22140|832750|1066250|1288800|1601750
35|047|SANMIGUELCOUNTY|NM|29780|832750|1066250|1288800|1601750
35|049|SANTAFECOUNTY|NM|42140|832750|1066250|1288800|1601750
35|051|SIERRACOUNTY|NM|99999|832750|1066250|1288800|1601750
35|053|SOCORROCOUNTY|NM|99999|832750|1066250|1288800|1601750
35|055|TAOSCOUNTY|NM|45340|832750|1066250|1288800|1601750
35|057|TORRANCECOUNTY|NM|10740|832750|1066250|1288800|1601750
35|059|UNIONCOUNTY|NM|99999|832750|1066250|1288800|1601750
35|061|VALENCIACOUNTY|NM|10740|832750|1066250|1288800|1601750
36|001|ALBANYCOUNTY|NY|10580|832750|1066250|1288800|1601750
36|003|ALLEGANYCOUNTY|NY|99999|832750|1066250|1288800|1601750
36|005|BRONXCOUNTY|NY|35620|1209750|1548975|1872225|2326875
36|007|BROOMECOUNTY|NY|13780|832750|1066250|1288800|1601750
36|009|CATTARAUGUSCOUNTY|NY|36460|832750|1066250|1288800|1601750
36|011|CAYUGACOUNTY|NY|12180|832750|1066250|1288800|1601750
36|013|CHAUTAUQUACOUNTY|NY|27460|832750|1066250|1288800|1601750
36|015|CHEMUNGCOUNTY|NY|21300|832750|1066250|1288800|1601750
36|017|CHENANGOCOUNTY|NY|99999|832750|1066250|1288800|1601750
36|019|CLINTONCOUNTY|NY|38460|832750|1066250|1288800|1601750
36|021|COLUMBIACOUNTY|NY|26460|832750|1066250|1288800|1601750
36|023|CORTLANDCOUNTY|NY|18660|832750|1066250|1288800|1601750
36|025|DELAWARECOUNTY|NY|99999|832750|1066250|1288800|1601750
36|027|DUTCHESSCOUNTY|NY|28880|832750|1066250|1288800|1601750
36|029|ERIECOUNTY|NY|15380|832750|1066250|1288800|1601750
36|031|ESSEXCOUNTY|NY|99999|832750|1066250|1288800|1601750
36|033|FRANKLINCOUNTY|NY|99999|832750|1066250|1288800|1601750
36|035|FULTONCOUNTY|NY|24100|832750|1066250|1288800|1601750
36|037|GENESEECOUNTY|NY|12860|832750|1066250|1288800|1601750
36|039|GREENECOUNTY|NY|99999|832750|1066250|1288800|1601750
36|041|HAMILTONCOUNTY|NY|99999|832750|1066250|1288800|1601750
36|043|HERKIMERCOUNTY|NY|46540|832750|1066250|1288800|1601750
36|045|JEFFERSONCOUNTY|NY|48060|832750|1066250|1288800|1601750
36|047|KINGSCOUNTY|NY|35620|1209750|1548975|1872225|2326875
36|049|LEWISCOUNTY|NY|99999|832750|1066250|1288800|1601750
36|051|LIVINGSTONCOUNTY|NY|40380|832750|1066250|1288800|1601750
36|053|MADISONCOUNTY|NY|45060|832750|1066250|1288800|1601750
36|055|MONROECOUNTY|NY|40380|832750|1066250|1288800|1601750
36|057|MONTGOMERYCOUNTY|NY|11220|832750|1066250|1288800|1601750
36|059|NASSAUCOUNTY|NY|35620|1209750|1548975|1872225|2326875
36|061|NEWYORKCOUNTY|NY|35620|1209750|1548975|1872225|2326875
36|063|NIAGARACOUNTY|NY|15380|832750|1066250|1288800|1601750
36|065|ONEIDACOUNTY|NY|46540|832750|1066250|1288800|1601750
36|067|ONONDAGACOUNTY|NY|45060|832750|1066250|1288800|1601750
36|069|ONTARIOCOUNTY|NY|40380|832750|1066250|1288800|1601750
36|071|ORANGECOUNTY|NY|28880|832750|1066250|1288800|1601750
36|073|ORLEANSCOUNTY|NY|40380|832750|1066250|1288800|1601750
36|075|OSWEGOCOUNTY|NY|45060|832750|1066250|1288800|1601750
36|077|OTSEGOCOUNTY|NY|36580|832750|1066250|1288800|1601750
36|079|PUTNAMCOUNTY|NY|35620|1209750|1548975|1872225|2326875
36|081|QUEENSCOUNTY|NY|35620|1209750|1548975|1872225|2326875
36|083|RENSSELAERCOUNTY|NY|10580|832750|1066250|1288800|1601750
36|085|RICHMONDCOUNTY|NY|35620|1209750|1548975|1872225|2326875
36|087|ROCKLANDCOUNTY|NY|35620|1209750|1548975|1872225|2326875
36|089|ST.LAWRENCECOUNTY|NY|32390|832750|1066250|1288800|1601750
36|091|SARATOGACOUNTY|NY|10580|832750|1066250|1288800|1601750
36|093|SCHENECTADYCOUNTY|NY|10580|832750|1066250|1288800|1601750
36|095|SCHOHARIECOUNTY|NY|10580|832750|1066250|1288800|1601750
36|097|SCHUYLERCOUNTY|NY|99999|832750|1066250|1288800|1601750
36|099|SENECACOUNTY|NY|42900|832750|1066250|1288800|1601750
36|101|STEUBENCOUNTY|NY|18500|832750|1066250|1288800|1601750
36|103|SUFFOLKCOUNTY|NY|35620|1209750|1548975|1872225|2326875
36|105|SULLIVANCOUNTY|NY|33910|832750|1066250|1288800|1601750
36|107|TIOGACOUNTY|NY|13780|832750|1066250|1288800|1601750
36|109|TOMPKINSCOUNTY|NY|27060|832750|1066250|1288800|1601750
36|111|ULSTERCOUNTY|NY|28740|832750|1066250|1288800|1601750
36|113|WARRENCOUNTY|NY|24020|832750|1066250|1288800|1601750
36|115|WASHINGTONCOUNTY|NY|24020|832750|1066250|1288800|1601750
36|117|WAYNECOUNTY|NY|40380|832750|1066250|1288800|1601750
36|119|WESTCHESTERCOUNTY|NY|35620|1209750|1548975|1872225|2326875
36|121|WYOMINGCOUNTY|NY|99999|832750|1066250|1288800|1601750
36|123|YATESCOUNTY|NY|99999|832750|1066250|1288800|1601750
37|001|ALAMANCECOUNTY|NC|15500|832750|1066250|1288800|1601750
37|003|ALEXANDERCOUNTY|NC|25860|832750|1066250|1288800|1601750
37|005|ALLEGHANYCOUNTY|NC|99999|832750|1066250|1288800|1601750
37|007|ANSONCOUNTY|NC|16740|832750|1066250|1288800|1601750
37|009|ASHECOUNTY|NC|99999|832750|1066250|1288800|1601750
37|011|AVERYCOUNTY|NC|99999|832750|1066250|1288800|1601750
37|013|BEAUFORTCOUNTY|NC|47820|832750|1066250|1288800|1601750
37|015|BERTIECOUNTY|NC|99999|832750|1066250|1288800|1601750
37|017|BLADENCOUNTY|NC|99999|832750|1066250|1288800|1601750
37|019|BRUNSWICKCOUNTY|NC|48900|832750|1066250|1288800|1601750
37|021|BUNCOMBECOUNTY|NC|11700|832750|1066250|1288800|1601750
37|023|BURKECOUNTY|NC|25860|832750|1066250|1288800|1601750
37|025|CABARRUSCOUNTY|NC|16740|832750|1066250|1288800|1601750
37|027|CALDWELLCOUNTY|NC|25860|832750|1066250|1288800|1601750
37|029|CAMDENCOUNTY|NC|47260|832750|1066250|1288800|1601750
37|031|CARTERETCOUNTY|NC|33980|832750|1066250|1288800|1601750
37|033|CASWELLCOUNTY|NC|99999|832750|1066250|1288800|1601750
37|035|CATAWBACOUNTY|NC|25860|832750|1066250|1288800|1601750
37|037|CHATHAMCOUNTY|NC|20500|832750|1066250|1288800|1601750
37|039|CHEROKEECOUNTY|NC|99999|832750|1066250|1288800|1601750
37|041|CHOWANCOUNTY|NC|99999|832750|1066250|1288800|1601750
37|043|CLAYCOUNTY|NC|99999|832750|1066250|1288800|1601750
37|045|CLEVELANDCOUNTY|NC|43140|832750|1066250|1288800|1601750
37|047|COLUMBUSCOUNTY|NC|99999|832750|1066250|1288800|1601750
37|049|CRAVENCOUNTY|NC|35100|832750|1066250|1288800|1601750
37|051|CUMBERLANDCOUNTY|NC|22180|832750|1066250|1288800|1601750
37|053|CURRITUCKCOUNTY|NC|47260|832750|1066250|1288800|1601750
37|055|DARECOUNTY|NC|28620|832750|1066250|1288800|1601750
37|057|DAVIDSONCOUNTY|NC|49180|832750|1066250|1288800|1601750
37|059|DAVIECOUNTY|NC|49180|832750|1066250|1288800|1601750
37|061|DUPLINCOUNTY|NC|99999|832750|1066250|1288800|1601750
37|063|DURHAMCOUNTY|NC|20500|832750|1066250|1288800|1601750
37|065|EDGECOMBECOUNTY|NC|40580|832750|1066250|1288800|1601750
37|067|FORSYTHCOUNTY|NC|49180|832750|1066250|1288800|1601750
37|069|FRANKLINCOUNTY|NC|39580|832750|1066250|1288800|1601750
37|071|GASTONCOUNTY|NC|16740|832750|1066250|1288800|1601750
37|073|GATESCOUNTY|NC|47260|832750|1066250|1288800|1601750
37|075|GRAHAMCOUNTY|NC|99999|832750|1066250|1288800|1601750
37|077|GRANVILLECOUNTY|NC|99999|832750|1066250|1288800|1601750
37|079|GREENECOUNTY|NC|99999|832750|1066250|1288800|1601750
37|081|GUILFORDCOUNTY|NC|24660|832750|1066250|1288800|1601750
37|083|HALIFAXCOUNTY|NC|40260|832750|1066250|1288800|1601750
37|085|HARNETTCOUNTY|NC|11360|832750|1066250|1288800|1601750
37|087|HAYWOODCOUNTY|NC|48200|832750|1066250|1288800|1601750
37|089|HENDERSONCOUNTY|NC|11700|832750|1066250|1288800|1601750
37|091|HERTFORDCOUNTY|NC|99999|832750|1066250|1288800|1601750
37|093|HOKECOUNTY|NC|22180|832750|1066250|1288800|1601750
37|095|HYDECOUNTY|NC|99999|832750|1066250|1288800|1601750
37|097|IREDELLCOUNTY|NC|16740|832750|1066250|1288800|1601750
37|099|JACKSONCOUNTY|NC|99999|832750|1066250|1288800|1601750
37|101|JOHNSTONCOUNTY|NC|39580|832750|1066250|1288800|1601750
37|103|JONESCOUNTY|NC|35100|832750|1066250|1288800|1601750
37|105|LEECOUNTY|NC|41820|832750|1066250|1288800|1601750
37|107|LENOIRCOUNTY|NC|28820|832750|1066250|1288800|1601750
37|109|LINCOLNCOUNTY|NC|16740|832750|1066250|1288800|1601750
37|111|MCDOWELLCOUNTY|NC|32000|832750|1066250|1288800|1601750
37|113|MACONCOUNTY|NC|99999|832750|1066250|1288800|1601750
37|115|MADISONCOUNTY|NC|11700|832750|1066250|1288800|1601750
37|117|MARTINCOUNTY|NC|99999|832750|1066250|1288800|1601750
37|119|MECKLENBURGCOUNTY|NC|16740|832750|1066250|1288800|1601750
37|121|MITCHELLCOUNTY|NC|99999|832750|1066250|1288800|1601750
37|123|MONTGOMERYCOUNTY|NC|99999|832750|1066250|1288800|1601750
37|125|MOORECOUNTY|NC|38240|832750|1066250|1288800|1601750
37|127|NASHCOUNTY|NC|40580|832750|1066250|1288800|1601750
37|129|NEWHANOVERCOUNTY|NC|48900|832750|1066250|1288800|1601750
37|131|NORTHAMPTONCOUNTY|NC|40260|832750|1066250|1288800|1601750
37|133|ONSLOWCOUNTY|NC|27340|832750|1066250|1288800|1601750
37|135|ORANGECOUNTY|NC|20500|832750|1066250|1288800|1601750
37|137|PAMLICOCOUNTY|NC|35100|832750|1066250|1288800|1601750
37|139|PASQUOTANKCOUNTY|NC|21020|832750|1066250|1288800|1601750
37|141|PENDERCOUNTY|NC|48900|832750|1066250|1288800|1601750
37|143|PERQUIMANSCOUNTY|NC|99999|832750|1066250|1288800|1601750
37|145|PERSONCOUNTY|NC|20500|832750|1066250|1288800|1601750
37|147|PITTCOUNTY|NC|24780|832750|1066250|1288800|1601750
37|149|POLKCOUNTY|NC|99999|832750|1066250|1288800|1601750
37|151|RANDOLPHCOUNTY|NC|24660|832750|1066250|1288800|1601750
37|153|RICHMONDCOUNTY|NC|40460|832750|1066250|1288800|1601750
37|155|ROBESONCOUNTY|NC|31300|832750|1066250|1288800|1601750
37|157|ROCKINGHAMCOUNTY|NC|24660|832750|1066250|1288800|1601750
37|159|ROWANCOUNTY|NC|16740|832750|1066250|1288800|1601750
37|161|RUTHERFORDCOUNTY|NC|22580|832750|1066250|1288800|1601750
37|163|SAMPSONCOUNTY|NC|99999|832750|1066250|1288800|1601750
37|165|SCOTLANDCOUNTY|NC|29900|832750|1066250|1288800|1601750
37|167|STANLYCOUNTY|NC|10620|832750|1066250|1288800|1601750
37|169|STOKESCOUNTY|NC|49180|832750|1066250|1288800|1601750
37|171|SURRYCOUNTY|NC|34340|832750|1066250|1288800|1601750
37|173|SWAINCOUNTY|NC|99999|832750|1066250|1288800|1601750
37|175|TRANSYLVANIACOUNTY|NC|14820|832750|1066250|1288800|1601750
37|177|TYRRELLCOUNTY|NC|99999|832750|1066250|1288800|1601750
37|179|UNIONCOUNTY|NC|16740|832750|1066250|1288800|1601750
37|181|VANCECOUNTY|NC|25780|832750|1066250|1288800|1601750
37|183|WAKECOUNTY|NC|39580|832750|1066250|1288800|1601750
37|185|WARRENCOUNTY|NC|99999|832750|1066250|1288800|1601750
37|187|WASHINGTONCOUNTY|NC|99999|832750|1066250|1288800|1601750
37|189|WATAUGACOUNTY|NC|14380|832750|1066250|1288800|1601750
37|191|WAYNECOUNTY|NC|24140|832750|1066250|1288800|1601750
37|193|WILKESCOUNTY|NC|35900|832750|1066250|1288800|1601750
37|195|WILSONCOUNTY|NC|48980|832750|1066250|1288800|1601750
37|197|YADKINCOUNTY|NC|49180|832750|1066250|1288800|1601750
37|199|YANCEYCOUNTY|NC|99999|832750|1066250|1288800|1601750
38|001|ADAMSCOUNTY|ND|99999|832750|1066250|1288800|1601750
38|003|BARNESCOUNTY|ND|99999|832750|1066250|1288800|1601750
38|005|BENSONCOUNTY|ND|99999|832750|1066250|1288800|1601750
38|007|BILLINGSCOUNTY|ND|19860|832750|1066250|1288800|1601750
38|009|BOTTINEAUCOUNTY|ND|99999|832750|1066250|1288800|1601750
38|011|BOWMANCOUNTY|ND|99999|832750|1066250|1288800|1601750
38|013|BURKECOUNTY|ND|99999|832750|1066250|1288800|1601750
38|015|BURLEIGHCOUNTY|ND|13900|832750|1066250|1288800|1601750
38|017|CASSCOUNTY|ND|22020|832750|1066250|1288800|1601750
38|019|CAVALIERCOUNTY|ND|99999|832750|1066250|1288800|1601750
38|021|DICKEYCOUNTY|ND|99999|832750|1066250|1288800|1601750
38|023|DIVIDECOUNTY|ND|99999|832750|1066250|1288800|1601750
38|025|DUNNCOUNTY|ND|19860|832750|1066250|1288800|1601750
38|027|EDDYCOUNTY|ND|99999|832750|1066250|1288800|1601750
38|029|EMMONSCOUNTY|ND|99999|832750|1066250|1288800|1601750
38|031|FOSTERCOUNTY|ND|99999|832750|1066250|1288800|1601750
38|033|GOLDENVALLEYCOUNTY|ND|99999|832750|1066250|1288800|1601750
38|035|GRANDFORKSCOUNTY|ND|24220|832750|1066250|1288800|1601750
38|037|GRANTCOUNTY|ND|99999|832750|1066250|1288800|1601750
38|039|GRIGGSCOUNTY|ND|99999|832750|1066250|1288800|1601750
38|041|HETTINGERCOUNTY|ND|99999|832750|1066250|1288800|1601750
38|043|KIDDERCOUNTY|ND|99999|832750|1066250|1288800|1601750
38|045|LAMOURECOUNTY|ND|99999|832750|1066250|1288800|1601750
38|047|LOGANCOUNTY|ND|99999|832750|1066250|1288800|1601750
38|049|MCHENRYCOUNTY|ND|33500|832750|1066250|1288800|1601750
38|051|MCINTOSHCOUNTY|ND|99999|832750|1066250|1288800|1601750
38|053|MCKENZIECOUNTY|ND|99999|832750|1066250|1288800|1601750
38|055|MCLEANCOUNTY|ND|99999|832750|1066250|1288800|1601750
38|057|MERCERCOUNTY|ND|99999|832750|1066250|1288800|1601750
38|059|MORTONCOUNTY|ND|13900|832750|1066250|1288800|1601750
38|061|MOUNTRAILCOUNTY|ND|99999|832750|1066250|1288800|1601750
38|063|NELSONCOUNTY|ND|99999|832750|1066250|1288800|1601750
38|065|OLIVERCOUNTY|ND|13900|832750|1066250|1288800|1601750
38|067|PEMBINACOUNTY|ND|99999|832750|1066250|1288800|1601750
38|069|PIERCECOUNTY|ND|99999|832750|1066250|1288800|1601750
38|071|RAMSEYCOUNTY|ND|99999|832750|1066250|1288800|1601750
38|073|RANSOMCOUNTY|ND|99999|832750|1066250|1288800|1601750
38|075|RENVILLECOUNTY|ND|33500|832750|1066250|1288800|1601750
38|077|RICHLANDCOUNTY|ND|47420|832750|1066250|1288800|1601750
38|079|ROLETTECOUNTY|ND|99999|832750|1066250|1288800|1601750
38|081|SARGENTCOUNTY|ND|99999|832750|1066250|1288800|1601750
38|083|SHERIDANCOUNTY|ND|99999|832750|1066250|1288800|1601750
38|085|SIOUXCOUNTY|ND|99999|832750|1066250|1288800|1601750
38|087|SLOPECOUNTY|ND|99999|832750|1066250|1288800|1601750
38|089|STARKCOUNTY|ND|19860|832750|1066250|1288800|1601750
38|091|STEELECOUNTY|ND|99999|832750|1066250|1288800|1601750
38|093|STUTSMANCOUNTY|ND|27420|832750|1066250|1288800|1601750
38|095|TOWNERCOUNTY|ND|99999|832750|1066250|1288800|1601750
38|097|TRAILLCOUNTY|ND|99999|832750|1066250|1288800|1601750
38|099|WALSHCOUNTY|ND|99999|832750|1066250|1288800|1601750
38|101|WARDCOUNTY|ND|33500|832750|1066250|1288800|1601750
38|103|WELLSCOUNTY|ND|99999|832750|1066250|1288800|1601750
38|105|WILLIAMSCOUNTY|ND|48780|832750|1066250|1288800|1601750
39|001|ADAMSCOUNTY|OH|99999|832750|1066250|1288800|1601750
39|003|ALLENCOUNTY|OH|30620|832750|1066250|1288800|1601750
39|005|ASHLANDCOUNTY|OH|11740|832750|1066250|1288800|1601750
39|007|ASHTABULACOUNTY|OH|17410|832750|1066250|1288800|1601750
39|009|ATHENSCOUNTY|OH|11900|832750|1066250|1288800|1601750
39|011|AUGLAIZECOUNTY|OH|47540|832750|1066250|1288800|1601750
39|013|BELMONTCOUNTY|OH|48540|832750|1066250|1288800|1601750
39|015|BROWNCOUNTY|OH|17140|832750|1066250|1288800|1601750
39|017|BUTLERCOUNTY|OH|17140|832750|1066250|1288800|1601750
39|019|CARROLLCOUNTY|OH|15940|832750|1066250|1288800|1601750
39|021|CHAMPAIGNCOUNTY|OH|46500|832750|1066250|1288800|1601750
39|023|CLARKCOUNTY|OH|44220|832750|1066250|1288800|1601750
39|025|CLERMONTCOUNTY|OH|17140|832750|1066250|1288800|1601750
39|027|CLINTONCOUNTY|OH|48940|832750|1066250|1288800|1601750
39|029|COLUMBIANACOUNTY|OH|41400|832750|1066250|1288800|1601750
39|031|COSHOCTONCOUNTY|OH|18740|832750|1066250|1288800|1601750
39|033|CRAWFORDCOUNTY|OH|15340|832750|1066250|1288800|1601750
39|035|CUYAHOGACOUNTY|OH|17410|832750|1066250|1288800|1601750
39|037|DARKECOUNTY|OH|24820|832750|1066250|1288800|1601750
39|039|DEFIANCECOUNTY|OH|19580|832750|1066250|1288800|1601750
39|041|DELAWARECOUNTY|OH|18140|832750|1066250|1288800|1601750
39|043|ERIECOUNTY|OH|41780|832750|1066250|1288800|1601750
39|045|FAIRFIELDCOUNTY|OH|18140|832750|1066250|1288800|1601750
39|047|FAYETTECOUNTY|OH|47920|832750|1066250|1288800|1601750
39|049|FRANKLINCOUNTY|OH|18140|832750|1066250|1288800|1601750
39|051|FULTONCOUNTY|OH|45780|832750|1066250|1288800|1601750
39|053|GALLIACOUNTY|OH|23680|832750|1066250|1288800|1601750
39|055|GEAUGACOUNTY|OH|17410|832750|1066250|1288800|1601750
39|057|GREENECOUNTY|OH|19430|832750|1066250|1288800|1601750
39|059|GUERNSEYCOUNTY|OH|15740|832750|1066250|1288800|1601750
39|061|HAMILTONCOUNTY|OH|17140|832750|1066250|1288800|1601750
39|063|HANCOCKCOUNTY|OH|22300|832750|1066250|1288800|1601750
39|065|HARDINCOUNTY|OH|99999|832750|1066250|1288800|1601750
39|067|HARRISONCOUNTY|OH|99999|832750|1066250|1288800|1601750
39|069|HENRYCOUNTY|OH|99999|832750|1066250|1288800|1601750
39|071|HIGHLANDCOUNTY|OH|99999|832750|1066250|1288800|1601750
39|073|HOCKINGCOUNTY|OH|18140|832750|1066250|1288800|1601750
39|075|HOLMESCOUNTY|OH|99999|832750|1066250|1288800|1601750
39|077|HURONCOUNTY|OH|35940|832750|1066250|1288800|1601750
39|079|JACKSONCOUNTY|OH|99999|832750|1066250|1288800|1601750
39|081|JEFFERSONCOUNTY|OH|48260|832750|1066250|1288800|1601750
39|083|KNOXCOUNTY|OH|34540|832750|1066250|1288800|1601750
39|085|LAKECOUNTY|OH|17410|832750|1066250|1288800|1601750
39|087|LAWRENCECOUNTY|OH|26580|832750|1066250|1288800|1601750
39|089|LICKINGCOUNTY|OH|18140|832750|1066250|1288800|1601750
39|091|LOGANCOUNTY|OH|13340|832750|1066250|1288800|1601750
39|093|LORAINCOUNTY|OH|17410|832750|1066250|1288800|1601750
39|095|LUCASCOUNTY|OH|45780|832750|1066250|1288800|1601750
39|097|MADISONCOUNTY|OH|18140|832750|1066250|1288800|1601750
39|099|MAHONINGCOUNTY|OH|49660|832750|1066250|1288800|1601750
39|101|MARIONCOUNTY|OH|32020|832750|1066250|1288800|1601750
39|103|MEDINACOUNTY|OH|17410|832750|1066250|1288800|1601750
39|105|MEIGSCOUNTY|OH|99999|832750|1066250|1288800|1601750
39|107|MERCERCOUNTY|OH|16380|832750|1066250|1288800|1601750
39|109|MIAMICOUNTY|OH|19430|832750|1066250|1288800|1601750
39|111|MONROECOUNTY|OH|99999|832750|1066250|1288800|1601750
39|113|MONTGOMERYCOUNTY|OH|19430|832750|1066250|1288800|1601750
39|115|MORGANCOUNTY|OH|99999|832750|1066250|1288800|1601750
39|117|MORROWCOUNTY|OH|18140|832750|1066250|1288800|1601750
39|119|MUSKINGUMCOUNTY|OH|49780|832750|1066250|1288800|1601750
39|121|NOBLECOUNTY|OH|99999|832750|1066250|1288800|1601750
39|123|OTTAWACOUNTY|OH|41780|832750|1066250|1288800|1601750
39|125|PAULDINGCOUNTY|OH|99999|832750|1066250|1288800|1601750
39|127|PERRYCOUNTY|OH|18140|832750|1066250|1288800|1601750
39|129|PICKAWAYCOUNTY|OH|18140|832750|1066250|1288800|1601750
39|131|PIKECOUNTY|OH|99999|832750|1066250|1288800|1601750
39|133|PORTAGECOUNTY|OH|10420|832750|1066250|1288800|1601750
39|135|PREBLECOUNTY|OH|99999|832750|1066250|1288800|1601750
39|137|PUTNAMCOUNTY|OH|99999|832750|1066250|1288800|1601750
39|139|RICHLANDCOUNTY|OH|31900|832750|1066250|1288800|1601750
39|141|ROSSCOUNTY|OH|17060|832750|1066250|1288800|1601750
39|143|SANDUSKYCOUNTY|OH|23380|832750|1066250|1288800|1601750
39|145|SCIOTOCOUNTY|OH|39020|832750|1066250|1288800|1601750
39|147|SENECACOUNTY|OH|45660|832750|1066250|1288800|1601750
39|149|SHELBYCOUNTY|OH|43380|832750|1066250|1288800|1601750
39|151|STARKCOUNTY|OH|15940|832750|1066250|1288800|1601750
39|153|SUMMITCOUNTY|OH|10420|832750|1066250|1288800|1601750
39|155|TRUMBULLCOUNTY|OH|49660|832750|1066250|1288800|1601750
39|157|TUSCARAWASCOUNTY|OH|35420|832750|1066250|1288800|1601750
39|159|UNIONCOUNTY|OH|18140|832750|1066250|1288800|1601750
39|161|VANWERTCOUNTY|OH|46780|832750|1066250|1288800|1601750
39|163|VINTONCOUNTY|OH|99999|832750|1066250|1288800|1601750
39|165|WARRENCOUNTY|OH|17140|832750|1066250|1288800|1601750
39|167|WASHINGTONCOUNTY|OH|31930|832750|1066250|1288800|1601750
39|169|WAYNECOUNTY|OH|49300|832750|1066250|1288800|1601750
39|171|WILLIAMSCOUNTY|OH|99999|832750|1066250|1288800|1601750
39|173|WOODCOUNTY|OH|45780|832750|1066250|1288800|1601750
39|175|WYANDOTCOUNTY|OH|99999|832750|1066250|1288800|1601750
40|001|ADAIRCOUNTY|OK|99999|832750|1066250|1288800|1601750
40|003|ALFALFACOUNTY|OK|99999|832750|1066250|1288800|1601750
40|005|ATOKACOUNTY|OK|99999|832750|1066250|1288800|1601750
40|007|BEAVERCOUNTY|OK|99999|832750|1066250|1288800|1601750
40|009|BECKHAMCOUNTY|OK|21120|832750|1066250|1288800|1601750
40|011|BLAINECOUNTY|OK|99999|832750|1066250|1288800|1601750
40|013|BRYANCOUNTY|OK|20460|832750|1066250|1288800|1601750
40|015|CADDOCOUNTY|OK|99999|832750|1066250|1288800|1601750
40|017|CANADIANCOUNTY|OK|36420|832750|1066250|1288800|1601750
40|019|CARTERCOUNTY|OK|11620|832750|1066250|1288800|1601750
40|021|CHEROKEECOUNTY|OK|45140|832750|1066250|1288800|1601750
40|023|CHOCTAWCOUNTY|OK|99999|832750|1066250|1288800|1601750
40|025|CIMARRONCOUNTY|OK|99999|832750|1066250|1288800|1601750
40|027|CLEVELANDCOUNTY|OK|36420|832750|1066250|1288800|1601750
40|029|COALCOUNTY|OK|99999|832750|1066250|1288800|1601750
40|031|COMANCHECOUNTY|OK|30020|832750|1066250|1288800|1601750
40|033|COTTONCOUNTY|OK|30020|832750|1066250|1288800|1601750
40|035|CRAIGCOUNTY|OK|99999|832750|1066250|1288800|1601750
40|037|CREEKCOUNTY|OK|46140|832750|1066250|1288800|1601750
40|039|CUSTERCOUNTY|OK|48220|832750|1066250|1288800|1601750
40|041|DELAWARECOUNTY|OK|99999|832750|1066250|1288800|1601750
40|043|DEWEYCOUNTY|OK|99999|832750|1066250|1288800|1601750
40|045|ELLISCOUNTY|OK|99999|832750|1066250|1288800|1601750
40|047|GARFIELDCOUNTY|OK|21420|832750|1066250|1288800|1601750
40|049|GARVINCOUNTY|OK|99999|832750|1066250|1288800|1601750
40|051|GRADYCOUNTY|OK|36420|832750|1066250|1288800|1601750
40|053|GRANTCOUNTY|OK|99999|832750|1066250|1288800|1601750
40|055|GREERCOUNTY|OK|99999|832750|1066250|1288800|1601750
40|057|HARMONCOUNTY|OK|99999|832750|1066250|1288800|1601750
40|059|HARPERCOUNTY|OK|99999|832750|1066250|1288800|1601750
40|061|HASKELLCOUNTY|OK|99999|832750|1066250|1288800|1601750
40|063|HUGHESCOUNTY|OK|99999|832750|1066250|1288800|1601750
40|065|JACKSONCOUNTY|OK|11060|832750|1066250|1288800|1601750
40|067|JEFFERSONCOUNTY|OK|99999|832750|1066250|1288800|1601750
40|069|JOHNSTONCOUNTY|OK|99999|832750|1066250|1288800|1601750
40|071|KAYCOUNTY|OK|38620|832750|1066250|1288800|1601750
40|073|KINGFISHERCOUNTY|OK|99999|832750|1066250|1288800|1601750
40|075|KIOWACOUNTY|OK|99999|832750|1066250|1288800|1601750
40|077|LATIMERCOUNTY|OK|99999|832750|1066250|1288800|1601750
40|079|LEFLORECOUNTY|OK|99999|832750|1066250|1288800|1601750
40|081|LINCOLNCOUNTY|OK|36420|832750|1066250|1288800|1601750
40|083|LOGANCOUNTY|OK|36420|832750|1066250|1288800|1601750
40|085|LOVECOUNTY|OK|99999|832750|1066250|1288800|1601750
40|087|MCCLAINCOUNTY|OK|36420|832750|1066250|1288800|1601750
40|089|MCCURTAINCOUNTY|OK|99999|832750|1066250|1288800|1601750
40|091|MCINTOSHCOUNTY|OK|99999|832750|1066250|1288800|1601750
40|093|MAJORCOUNTY|OK|99999|832750|1066250|1288800|1601750
40|095|MARSHALLCOUNTY|OK|99999|832750|1066250|1288800|1601750
40|097|MAYESCOUNTY|OK|99999|832750|1066250|1288800|1601750
40|099|MURRAYCOUNTY|OK|99999|832750|1066250|1288800|1601750
40|101|MUSKOGEECOUNTY|OK|34780|832750|1066250|1288800|1601750
40|103|NOBLECOUNTY|OK|99999|832750|1066250|1288800|1601750
40|105|NOWATACOUNTY|OK|99999|832750|1066250|1288800|1601750
40|107|OKFUSKEECOUNTY|OK|99999|832750|1066250|1288800|1601750
40|109|OKLAHOMACOUNTY|OK|36420|832750|1066250|1288800|1601750
40|111|OKMULGEECOUNTY|OK|46140|832750|1066250|1288800|1601750
40|113|OSAGECOUNTY|OK|46140|832750|1066250|1288800|1601750
40|115|OTTAWACOUNTY|OK|33060|832750|1066250|1288800|1601750
40|117|PAWNEECOUNTY|OK|46140|832750|1066250|1288800|1601750
40|119|PAYNECOUNTY|OK|44660|832750|1066250|1288800|1601750
40|121|PITTSBURGCOUNTY|OK|32540|832750|1066250|1288800|1601750
40|123|PONTOTOCCOUNTY|OK|10220|832750|1066250|1288800|1601750
40|125|POTTAWATOMIECOUNTY|OK|43060|832750|1066250|1288800|1601750
40|127|PUSHMATAHACOUNTY|OK|99999|832750|1066250|1288800|1601750
40|129|ROGERMILLSCOUNTY|OK|99999|832750|1066250|1288800|1601750
40|131|ROGERSCOUNTY|OK|46140|832750|1066250|1288800|1601750
40|133|SEMINOLECOUNTY|OK|99999|832750|1066250|1288800|1601750
40|135|SEQUOYAHCOUNTY|OK|22900|832750|1066250|1288800|1601750
40|137|STEPHENSCOUNTY|OK|20340|832750|1066250|1288800|1601750
40|139|TEXASCOUNTY|OK|25100|832750|1066250|1288800|1601750
40|141|TILLMANCOUNTY|OK|99999|832750|1066250|1288800|1601750
40|143|TULSACOUNTY|OK|46140|832750|1066250|1288800|1601750
40|145|WAGONERCOUNTY|OK|46140|832750|1066250|1288800|1601750
40|147|WASHINGTONCOUNTY|OK|12780|832750|1066250|1288800|1601750
40|149|WASHITACOUNTY|OK|48220|832750|1066250|1288800|1601750
40|151|WOODSCOUNTY|OK|99999|832750|1066250|1288800|1601750
40|153|WOODWARDCOUNTY|OK|49260|832750|1066250|1288800|1601750
41|001|BAKERCOUNTY|OR|12520|832750|1066250|1288800|1601750
41|003|BENTONCOUNTY|OR|18700|832750|1066250|1288800|1601750
41|005|CLACKAMASCOUNTY|OR|38900|832750|1066250|1288800|1601750
41|007|CLATSOPCOUNTY|OR|11820|832750|1066250|1288800|1601750
41|009|COLUMBIACOUNTY|OR|38900|832750|1066250|1288800|1601750
41|011|COOSCOUNTY|OR|18300|832750|1066250|1288800|1601750
41|013|CROOKCOUNTY|OR|13460|832750|1066250|1288800|1601750
41|015|CURRYCOUNTY|OR|15060|832750|1066250|1288800|1601750
41|017|DESCHUTESCOUNTY|OR|13460|832750|1066250|1288800|1601750
41|019|DOUGLASCOUNTY|OR|40700|832750|1066250|1288800|1601750
41|021|GILLIAMCOUNTY|OR|99999|832750|1066250|1288800|1601750
41|023|GRANTCOUNTY|OR|99999|832750|1066250|1288800|1601750
41|025|HARNEYCOUNTY|OR|99999|832750|1066250|1288800|1601750
41|027|HOODRIVERCOUNTY|OR|26220|832750|1066250|1288800|1601750
41|029|JACKSONCOUNTY|OR|32780|832750|1066250|1288800|1601750
41|031|JEFFERSONCOUNTY|OR|13460|832750|1066250|1288800|1601750
41|033|JOSEPHINECOUNTY|OR|24420|832750|1066250|1288800|1601750
41|035|KLAMATHCOUNTY|OR|28900|832750|1066250|1288800|1601750
41|037|LAKECOUNTY|OR|99999|832750|1066250|1288800|1601750
41|039|LANECOUNTY|OR|21660|832750|1066250|1288800|1601750
41|041|LINCOLNCOUNTY|OR|35440|832750|1066250|1288800|1601750
41|043|LINNCOUNTY|OR|10540|832750|1066250|1288800|1601750
41|045|MALHEURCOUNTY|OR|36620|832750|1066250|1288800|1601750
41|047|MARIONCOUNTY|OR|41420|832750|1066250|1288800|1601750
41|049|MORROWCOUNTY|OR|25840|832750|1066250|1288800|1601750
41|051|MULTNOMAHCOUNTY|OR|38900|832750|1066250|1288800|1601750
41|053|POLKCOUNTY|OR|41420|832750|1066250|1288800|1601750
41|055|SHERMANCOUNTY|OR|99999|832750|1066250|1288800|1601750
41|057|TILLAMOOKCOUNTY|OR|99999|832750|1066250|1288800|1601750
41|059|UMATILLACOUNTY|OR|25840|832750|1066250|1288800|1601750
41|061|UNIONCOUNTY|OR|29260|832750|1066250|1288800|1601750
41|063|WALLOWACOUNTY|OR|99999|832750|1066250|1288800|1601750
41|065|WASCOCOUNTY|OR|45520|832750|1066250|1288800|1601750
41|067|WASHINGTONCOUNTY|OR|38900|832750|1066250|1288800|1601750
41|069|WHEELERCOUNTY|OR|99999|832750|1066250|1288800|1601750
41|071|YAMHILLCOUNTY|OR|38900|832750|1066250|1288800|1601750
42|001|ADAMSCOUNTY|PA|23900|832750|1066250|1288800|1601750
42|003|ALLEGHENYCOUNTY|PA|38300|832750|1066250|1288800|1601750
42|005|ARMSTRONGCOUNTY|PA|38300|832750|1066250|1288800|1601750
42|007|BEAVERCOUNTY|PA|38300|832750|1066250|1288800|1601750
42|009|BEDFORDCOUNTY|PA|99999|832750|1066250|1288800|1601750
42|011|BERKSCOUNTY|PA|39740|832750|1066250|1288800|1601750
42|013|BLAIRCOUNTY|PA|11020|832750|1066250|1288800|1601750
42|015|BRADFORDCOUNTY|PA|42380|832750|1066250|1288800|1601750
42|017|BUCKSCOUNTY|PA|37980|832750|1066250|1288800|1601750
42|019|BUTLERCOUNTY|PA|38300|832750|1066250|1288800|1601750
42|021|CAMBRIACOUNTY|PA|27780|832750|1066250|1288800|1601750
42|023|CAMERONCOUNTY|PA|99999|832750|1066250|1288800|1601750
42|025|CARBONCOUNTY|PA|10900|832750|1066250|1288800|1601750
42|027|CENTRECOUNTY|PA|44300|832750|1066250|1288800|1601750
42|029|CHESTERCOUNTY|PA|37980|832750|1066250|1288800|1601750
42|031|CLARIONCOUNTY|PA|99999|832750|1066250|1288800|1601750
42|033|CLEARFIELDCOUNTY|PA|20180|832750|1066250|1288800|1601750
42|035|CLINTONCOUNTY|PA|30820|832750|1066250|1288800|1601750
42|037|COLUMBIACOUNTY|PA|14100|832750|1066250|1288800|1601750
42|039|CRAWFORDCOUNTY|PA|32740|832750|1066250|1288800|1601750
42|041|CUMBERLANDCOUNTY|PA|25420|832750|1066250|1288800|1601750
42|043|DAUPHINCOUNTY|PA|25420|832750|1066250|1288800|1601750
42|045|DELAWARECOUNTY|PA|37980|832750|1066250|1288800|1601750
42|047|ELKCOUNTY|PA|41260|832750|1066250|1288800|1601750
42|049|ERIECOUNTY|PA|21500|832750|1066250|1288800|1601750
42|051|FAYETTECOUNTY|PA|38300|832750|1066250|1288800|1601750
42|053|FORESTCOUNTY|PA|99999|832750|1066250|1288800|1601750
42|055|FRANKLINCOUNTY|PA|16540|832750|1066250|1288800|1601750
42|057|FULTONCOUNTY|PA|99999|832750|1066250|1288800|1601750
42|059|GREENECOUNTY|PA|99999|832750|1066250|1288800|1601750
42|061|HUNTINGDONCOUNTY|PA|26500|832750|1066250|1288800|1601750
42|063|INDIANACOUNTY|PA|26860|832750|1066250|1288800|1601750
42|065|JEFFERSONCOUNTY|PA|99999|832750|1066250|1288800|1601750
42|067|JUNIATACOUNTY|PA|99999|832750|1066250|1288800|1601750
42|069|LACKAWANNACOUNTY|PA|42540|832750|1066250|1288800|1601750
42|071|LANCASTERCOUNTY|PA|29540|832750|1066250|1288800|1601750
42|073|LAWRENCECOUNTY|PA|38300|832750|1066250|1288800|1601750
42|075|LEBANONCOUNTY|PA|30140|832750|1066250|1288800|1601750
42|077|LEHIGHCOUNTY|PA|10900|832750|1066250|1288800|1601750
42|079|LUZERNECOUNTY|PA|42540|832750|1066250|1288800|1601750
42|081|LYCOMINGCOUNTY|PA|48700|832750|1066250|1288800|1601750
42|083|MCKEANCOUNTY|PA|14620|832750|1066250|1288800|1601750
42|085|MERCERCOUNTY|PA|25850|832750|1066250|1288800|1601750
42|087|MIFFLINCOUNTY|PA|30380|832750|1066250|1288800|1601750
42|089|MONROECOUNTY|PA|20700|832750|1066250|1288800|1601750
42|091|MONTGOMERYCOUNTY|PA|37980|832750|1066250|1288800|1601750
42|093|MONTOURCOUNTY|PA|44980|832750|1066250|1288800|1601750
42|095|NORTHAMPTONCOUNTY|PA|10900|832750|1066250|1288800|1601750
42|097|NORTHUMBERLANDCOUNTY|PA|44980|832750|1066250|1288800|1601750
42|099|PERRYCOUNTY|PA|25420|832750|1066250|1288800|1601750
42|101|PHILADELPHIACOUNTY|PA|37980|832750|1066250|1288800|1601750
42|103|PIKECOUNTY|PA|25770|1209750|1548975|1872225|2326875
42|105|POTTERCOUNTY|PA|99999|832750|1066250|1288800|1601750
42|107|SCHUYLKILLCOUNTY|PA|39060|832750|1066250|1288800|1601750
42|109|SNYDERCOUNTY|PA|42780|832750|1066250|1288800|1601750
42|111|SOMERSETCOUNTY|PA|43740|832750|1066250|1288800|1601750
42|113|SULLIVANCOUNTY|PA|99999|832750|1066250|1288800|1601750
42|115|SUSQUEHANNACOUNTY|PA|99999|832750|1066250|1288800|1601750
42|117|TIOGACOUNTY|PA|99999|832750|1066250|1288800|1601750
42|119|UNIONCOUNTY|PA|30260|832750|1066250|1288800|1601750
42|121|VENANGOCOUNTY|PA|36340|832750|1066250|1288800|1601750
42|123|WARRENCOUNTY|PA|47620|832750|1066250|1288800|1601750
42|125|WASHINGTONCOUNTY|PA|38300|832750|1066250|1288800|1601750
42|127|WAYNECOUNTY|PA|99999|832750|1066250|1288800|1601750
42|129|WESTMORELANDCOUNTY|PA|38300|832750|1066250|1288800|1601750
42|131|WYOMINGCOUNTY|PA|42540|832750|1066250|1288800|1601750
42|133|YORKCOUNTY|PA|49620|832750|1066250|1288800|1601750
44|001|BRISTOLCOUNTY|RI|39300|832750|1066250|1288800|1601750
44|003|KENTCOUNTY|RI|39300|832750|1066250|1288800|1601750
44|005|NEWPORTCOUNTY|RI|39300|832750|1066250|1288800|1601750
44|007|PROVIDENCECOUNTY|RI|39300|832750|1066250|1288800|1601750
44|009|WASHINGTONCOUNTY|RI|39300|832750|1066250|1288800|1601750
45|001|ABBEVILLECOUNTY|SC|24940|832750|1066250|1288800|1601750
45|003|AIKENCOUNTY|SC|12260|832750|1066250|1288800|1601750
45|005|ALLENDALECOUNTY|SC|99999|832750|1066250|1288800|1601750
45|007|ANDERSONCOUNTY|SC|24860|832750|1066250|1288800|1601750
45|009|BAMBERGCOUNTY|SC|99999|832750|1066250|1288800|1601750
45|011|BARNWELLCOUNTY|SC|99999|832750|1066250|1288800|1601750
45|013|BEAUFORTCOUNTY|SC|25940|832750|1066250|1288800|1601750
45|015|BERKELEYCOUNTY|SC|16700|832750|1066250|1288800|1601750
45|017|CALHOUNCOUNTY|SC|17900|832750|1066250|1288800|1601750
45|019|CHARLESTONCOUNTY|SC|16700|832750|1066250|1288800|1601750
45|021|CHEROKEECOUNTY|SC|23500|832750|1066250|1288800|1601750
45|023|CHESTERCOUNTY|SC|16740|832750|1066250|1288800|1601750
45|025|CHESTERFIELDCOUNTY|SC|99999|832750|1066250|1288800|1601750
45|027|CLARENDONCOUNTY|SC|99999|832750|1066250|1288800|1601750
45|029|COLLETONCOUNTY|SC|99999|832750|1066250|1288800|1601750
45|031|DARLINGTONCOUNTY|SC|22500|832750|1066250|1288800|1601750
45|033|DILLONCOUNTY|SC|99999|832750|1066250|1288800|1601750
45|035|DORCHESTERCOUNTY|SC|16700|832750|1066250|1288800|1601750
45|037|EDGEFIELDCOUNTY|SC|12260|832750|1066250|1288800|1601750
45|039|FAIRFIELDCOUNTY|SC|17900|832750|1066250|1288800|1601750
45|041|FLORENCECOUNTY|SC|22500|832750|1066250|1288800|1601750
45|043|GEORGETOWNCOUNTY|SC|34680|832750|1066250|1288800|1601750
45|045|GREENVILLECOUNTY|SC|24860|832750|1066250|1288800|1601750
45|047|GREENWOODCOUNTY|SC|24940|832750|1066250|1288800|1601750
45|049|HAMPTONCOUNTY|SC|99999|832750|1066250|1288800|1601750
45|051|HORRYCOUNTY|SC|34820|832750|1066250|1288800|1601750
45|053|JASPERCOUNTY|SC|25940|832750|1066250|1288800|1601750
45|055|KERSHAWCOUNTY|SC|17900|832750|1066250|1288800|1601750
45|057|LANCASTERCOUNTY|SC|16740|832750|1066250|1288800|1601750
45|059|LAURENSCOUNTY|SC|24860|832750|1066250|1288800|1601750
45|061|LEECOUNTY|SC|99999|832750|1066250|1288800|1601750
45|063|LEXINGTONCOUNTY|SC|17900|832750|1066250|1288800|1601750
45|065|MCCORMICKCOUNTY|SC|99999|832750|1066250|1288800|1601750
45|067|MARIONCOUNTY|SC|99999|832750|1066250|1288800|1601750
45|069|MARLBOROCOUNTY|SC|99999|832750|1066250|1288800|1601750
45|071|NEWBERRYCOUNTY|SC|35140|832750|1066250|1288800|1601750
45|073|OCONEECOUNTY|SC|42860|832750|1066250|1288800|1601750
45|075|ORANGEBURGCOUNTY|SC|36700|832750|1066250|1288800|1601750
45|077|PICKENSCOUNTY|SC|24860|832750|1066250|1288800|1601750
45|079|RICHLANDCOUNTY|SC|17900|832750|1066250|1288800|1601750
45|081|SALUDACOUNTY|SC|17900|832750|1066250|1288800|1601750
45|083|SPARTANBURGCOUNTY|SC|43900|832750|1066250|1288800|1601750
45|085|SUMTERCOUNTY|SC|44940|832750|1066250|1288800|1601750
45|087|UNIONCOUNTY|SC|43900|832750|1066250|1288800|1601750
45|089|WILLIAMSBURGCOUNTY|SC|99999|832750|1066250|1288800|1601750
45|091|YORKCOUNTY|SC|16740|832750|1066250|1288800|1601750
46|003|AURORACOUNTY|SD|99999|832750|1066250|1288800|1601750
46|005|BEADLECOUNTY|SD|26700|832750|1066250|1288800|1601750
46|007|BENNETTCOUNTY|SD|99999|832750|1066250|1288800|1601750
46|009|BONHOMMECOUNTY|SD|99999|832750|1066250|1288800|1601750
46|011|BROOKINGSCOUNTY|SD|15100|832750|1066250|1288800|1601750
46|013|BROWNCOUNTY|SD|10100|832750|1066250|1288800|1601750
46|015|BRULECOUNTY|SD|99999|832750|1066250|1288800|1601750
46|017|BUFFALOCOUNTY|SD|99999|832750|1066250|1288800|1601750
46|019|BUTTECOUNTY|SD|99999|832750|1066250|1288800|1601750
46|021|CAMPBELLCOUNTY|SD|99999|832750|1066250|1288800|1601750
46|023|CHARLESMIXCOUNTY|SD|99999|832750|1066250|1288800|1601750
46|025|CLARKCOUNTY|SD|99999|832750|1066250|1288800|1601750
46|027|CLAYCOUNTY|SD|46820|832750|1066250|1288800|1601750
46|029|CODINGTONCOUNTY|SD|47980|832750|1066250|1288800|1601750
46|031|CORSONCOUNTY|SD|99999|832750|1066250|1288800|1601750
46|033|CUSTERCOUNTY|SD|39660|832750|1066250|1288800|1601750
46|035|DAVISONCOUNTY|SD|33580|832750|1066250|1288800|1601750
46|037|DAYCOUNTY|SD|99999|832750|1066250|1288800|1601750
46|039|DEUELCOUNTY|SD|99999|832750|1066250|1288800|1601750
46|041|DEWEYCOUNTY|SD|99999|832750|1066250|1288800|1601750
46|043|DOUGLASCOUNTY|SD|99999|832750|1066250|1288800|1601750
46|045|EDMUNDSCOUNTY|SD|10100|832750|1066250|1288800|1601750
46|047|FALLRIVERCOUNTY|SD|99999|832750|1066250|1288800|1601750
46|049|FAULKCOUNTY|SD|99999|832750|1066250|1288800|1601750
46|051|GRANTCOUNTY|SD|99999|832750|1066250|1288800|1601750
46|053|GREGORYCOUNTY|SD|99999|832750|1066250|1288800|1601750
46|055|HAAKONCOUNTY|SD|99999|832750|1066250|1288800|1601750
46|057|HAMLINCOUNTY|SD|99999|832750|1066250|1288800|1601750
46|059|HANDCOUNTY|SD|99999|832750|1066250|1288800|1601750
46|061|HANSONCOUNTY|SD|33580|832750|1066250|1288800|1601750
46|063|HARDINGCOUNTY|SD|99999|832750|1066250|1288800|1601750
46|065|HUGHESCOUNTY|SD|38180|832750|1066250|1288800|1601750
46|067|HUTCHINSONCOUNTY|SD|99999|832750|1066250|1288800|1601750
46|069|HYDECOUNTY|SD|99999|832750|1066250|1288800|1601750
46|071|JACKSONCOUNTY|SD|99999|832750|1066250|1288800|1601750
46|073|JERAULDCOUNTY|SD|99999|832750|1066250|1288800|1601750
46|075|JONESCOUNTY|SD|99999|832750|1066250|1288800|1601750
46|077|KINGSBURYCOUNTY|SD|99999|832750|1066250|1288800|1601750
46|079|LAKECOUNTY|SD|99999|832750|1066250|1288800|1601750
46|081|LAWRENCECOUNTY|SD|43940|832750|1066250|1288800|1601750
46|083|LINCOLNCOUNTY|SD|43620|832750|1066250|1288800|1601750
46|085|LYMANCOUNTY|SD|99999|832750|1066250|1288800|1601750
46|087|MCCOOKCOUNTY|SD|43620|832750|1066250|1288800|1601750
46|089|MCPHERSONCOUNTY|SD|99999|832750|1066250|1288800|1601750
46|091|MARSHALLCOUNTY|SD|99999|832750|1066250|1288800|1601750
46|093|MEADECOUNTY|SD|39660|832750|1066250|1288800|1601750
46|095|MELLETTECOUNTY|SD|99999|832750|1066250|1288800|1601750
46|097|MINERCOUNTY|SD|99999|832750|1066250|1288800|1601750
46|099|MINNEHAHACOUNTY|SD|43620|832750|1066250|1288800|1601750
46|101|MOODYCOUNTY|SD|99999|832750|1066250|1288800|1601750
46|102|OGLALALAKOTACOUNTY|SD|99999|832750|1066250|1288800|1601750
46|103|PENNINGTONCOUNTY|SD|39660|832750|1066250|1288800|1601750
46|105|PERKINSCOUNTY|SD|99999|832750|1066250|1288800|1601750
46|107|POTTERCOUNTY|SD|99999|832750|1066250|1288800|1601750
46|109|ROBERTSCOUNTY|SD|99999|832750|1066250|1288800|1601750
46|111|SANBORNCOUNTY|SD|33580|832750|1066250|1288800|1601750
46|115|SPINKCOUNTY|SD|99999|832750|1066250|1288800|1601750
46|117|STANLEYCOUNTY|SD|38180|832750|1066250|1288800|1601750
46|119|SULLYCOUNTY|SD|99999|832750|1066250|1288800|1601750
46|121|TODDCOUNTY|SD|99999|832750|1066250|1288800|1601750
46|123|TRIPPCOUNTY|SD|99999|832750|1066250|1288800|1601750
46|125|TURNERCOUNTY|SD|43620|832750|1066250|1288800|1601750
46|127|UNIONCOUNTY|SD|43580|832750|1066250|1288800|1601750
46|129|WALWORTHCOUNTY|SD|99999|832750|1066250|1288800|1601750
46|135|YANKTONCOUNTY|SD|49460|832750|1066250|1288800|1601750
46|137|ZIEBACHCOUNTY|SD|99999|832750|1066250|1288800|1601750
47|001|ANDERSONCOUNTY|TN|28940|832750|1066250|1288800|1601750
47|003|BEDFORDCOUNTY|TN|43180|832750|1066250|1288800|1601750
47|005|BENTONCOUNTY|TN|99999|832750|1066250|1288800|1601750
47|007|BLEDSOECOUNTY|TN|99999|832750|1066250|1288800|1601750
47|009|BLOUNTCOUNTY|TN|28940|832750|1066250|1288800|1601750
47|011|BRADLEYCOUNTY|TN|17420|832750|1066250|1288800|1601750
47|013|CAMPBELLCOUNTY|TN|28940|832750|1066250|1288800|1601750
47|015|CANNONCOUNTY|TN|34980|1029250|1317650|1592700|1979350
47|017|CARROLLCOUNTY|TN|99999|832750|1066250|1288800|1601750
47|019|CARTERCOUNTY|TN|27740|832750|1066250|1288800|1601750
47|021|CHEATHAMCOUNTY|TN|34980|1029250|1317650|1592700|1979350
47|023|CHESTERCOUNTY|TN|27180|832750|1066250|1288800|1601750
47|025|CLAIBORNECOUNTY|TN|99999|832750|1066250|1288800|1601750
47|027|CLAYCOUNTY|TN|99999|832750|1066250|1288800|1601750
47|029|COCKECOUNTY|TN|35460|832750|1066250|1288800|1601750
47|031|COFFEECOUNTY|TN|46100|832750|1066250|1288800|1601750
47|033|CROCKETTCOUNTY|TN|27180|832750|1066250|1288800|1601750
47|035|CUMBERLANDCOUNTY|TN|18900|832750|1066250|1288800|1601750
47|037|DAVIDSONCOUNTY|TN|34980|1029250|1317650|1592700|1979350
47|039|DECATURCOUNTY|TN|99999|832750|1066250|1288800|1601750
47|041|DEKALBCOUNTY|TN|99999|832750|1066250|1288800|1601750
47|043|DICKSONCOUNTY|TN|34980|1029250|1317650|1592700|1979350
47|045|DYERCOUNTY|TN|20540|832750|1066250|1288800|1601750
47|047|FAYETTECOUNTY|TN|32820|832750|1066250|1288800|1601750
47|049|FENTRESSCOUNTY|TN|99999|832750|1066250|1288800|1601750
47|051|FRANKLINCOUNTY|TN|49010|832750|1066250|1288800|1601750
47|053|GIBSONCOUNTY|TN|27180|832750|1066250|1288800|1601750
47|055|GILESCOUNTY|TN|99999|832750|1066250|1288800|1601750
47|057|GRAINGERCOUNTY|TN|28940|832750|1066250|1288800|1601750
47|059|GREENECOUNTY|TN|24620|832750|1066250|1288800|1601750
47|061|GRUNDYCOUNTY|TN|99999|832750|1066250|1288800|1601750
47|063|HAMBLENCOUNTY|TN|34100|832750|1066250|1288800|1601750
47|065|HAMILTONCOUNTY|TN|16860|832750|1066250|1288800|1601750
47|067|HANCOCKCOUNTY|TN|99999|832750|1066250|1288800|1601750
47|069|HARDEMANCOUNTY|TN|99999|832750|1066250|1288800|1601750
47|071|HARDINCOUNTY|TN|99999|832750|1066250|1288800|1601750
47|073|HAWKINSCOUNTY|TN|28700|832750|1066250|1288800|1601750
47|075|HAYWOODCOUNTY|TN|99999|832750|1066250|1288800|1601750
47|077|HENDERSONCOUNTY|TN|99999|832750|1066250|1288800|1601750
47|079|HENRYCOUNTY|TN|37540|832750|1066250|1288800|1601750
47|081|HICKMANCOUNTY|TN|34980|1029250|1317650|1592700|1979350
47|083|HOUSTONCOUNTY|TN|99999|832750|1066250|1288800|1601750
47|085|HUMPHREYSCOUNTY|TN|99999|832750|1066250|1288800|1601750
47|087|JACKSONCOUNTY|TN|18260|832750|1066250|1288800|1601750
47|089|JEFFERSONCOUNTY|TN|34100|832750|1066250|1288800|1601750
47|091|JOHNSONCOUNTY|TN|99999|832750|1066250|1288800|1601750
47|093|KNOXCOUNTY|TN|28940|832750|1066250|1288800|1601750
47|095|LAKECOUNTY|TN|99999|832750|1066250|1288800|1601750
47|097|LAUDERDALECOUNTY|TN|99999|832750|1066250|1288800|1601750
47|099|LAWRENCECOUNTY|TN|29980|832750|1066250|1288800|1601750
47|101|LEWISCOUNTY|TN|99999|832750|1066250|1288800|1601750
47|103|LINCOLNCOUNTY|TN|22190|832750|1066250|1288800|1601750
47|105|LOUDONCOUNTY|TN|28940|832750|1066250|1288800|1601750
47|107|MCMINNCOUNTY|TN|11940|832750|1066250|1288800|1601750
47|109|MCNAIRYCOUNTY|TN|99999|832750|1066250|1288800|1601750
47|111|MACONCOUNTY|TN|34980|1029250|1317650|1592700|1979350
47|113|MADISONCOUNTY|TN|27180|832750|1066250|1288800|1601750
47|115|MARIONCOUNTY|TN|16860|832750|1066250|1288800|1601750
47|117|MARSHALLCOUNTY|TN|30280|832750|1066250|1288800|1601750
47|119|MAURYCOUNTY|TN|34980|1029250|1317650|1592700|1979350
47|121|MEIGSCOUNTY|TN|11940|832750|1066250|1288800|1601750
47|123|MONROECOUNTY|TN|99999|832750|1066250|1288800|1601750
47|125|MONTGOMERYCOUNTY|TN|17300|832750|1066250|1288800|1601750
47|127|MOORECOUNTY|TN|46100|832750|1066250|1288800|1601750
47|129|MORGANCOUNTY|TN|28940|832750|1066250|1288800|1601750
47|131|OBIONCOUNTY|TN|46460|832750|1066250|1288800|1601750
47|133|OVERTONCOUNTY|TN|18260|832750|1066250|1288800|1601750
47|135|PERRYCOUNTY|TN|99999|832750|1066250|1288800|1601750
47|137|PICKETTCOUNTY|TN|99999|832750|1066250|1288800|1601750
47|139|POLKCOUNTY|TN|17420|832750|1066250|1288800|1601750
47|141|PUTNAMCOUNTY|TN|18260|832750|1066250|1288800|1601750
47|143|RHEACOUNTY|TN|99999|832750|1066250|1288800|1601750
47|145|ROANECOUNTY|TN|28940|832750|1066250|1288800|1601750
47|147|ROBERTSONCOUNTY|TN|34980|1029250|1317650|1592700|1979350
47|149|RUTHERFORDCOUNTY|TN|34980|1029250|1317650|1592700|1979350
47|151|SCOTTCOUNTY|TN|99999|832750|1066250|1288800|1601750
47|153|SEQUATCHIECOUNTY|TN|16860|832750|1066250|1288800|1601750
47|155|SEVIERCOUNTY|TN|42940|832750|1066250|1288800|1601750
47|157|SHELBYCOUNTY|TN|32820|832750|1066250|1288800|1601750
47|159|SMITHCOUNTY|TN|34980|1029250|1317650|1592700|1979350
47|161|STEWARTCOUNTY|TN|17300|832750|1066250|1288800|1601750
47|163|SULLIVANCOUNTY|TN|28700|832750|1066250|1288800|1601750
47|165|SUMNERCOUNTY|TN|34980|1029250|1317650|1592700|1979350
47|167|TIPTONCOUNTY|TN|32820|832750|1066250|1288800|1601750
47|169|TROUSDALECOUNTY|TN|34980|1029250|1317650|1592700|1979350
47|171|UNICOICOUNTY|TN|27740|832750|1066250|1288800|1601750
47|173|UNIONCOUNTY|TN|28940|832750|1066250|1288800|1601750
47|175|VANBURENCOUNTY|TN|99999|832750|1066250|1288800|1601750
47|177|WARRENCOUNTY|TN|32660|832750|1066250|1288800|1601750
47|179|WASHINGTONCOUNTY|TN|27740|832750|1066250|1288800|1601750
47|181|WAYNECOUNTY|TN|99999|832750|1066250|1288800|1601750
47|183|WEAKLEYCOUNTY|TN|32280|832750|1066250|1288800|1601750
47|185|WHITECOUNTY|TN|18260|832750|1066250|1288800|1601750
47|187|WILLIAMSONCOUNTY|TN|34980|1029250|1317650|1592700|1979350
47|189|WILSONCOUNTY|TN|34980|1029250|1317650|1592700|1979350
48|001|ANDERSONCOUNTY|TX|37300|832750|1066250|1288800|1601750
48|003|ANDREWSCOUNTY|TX|11380|832750|1066250|1288800|1601750
48|005|ANGELINACOUNTY|TX|31260|832750|1066250|1288800|1601750
48|007|ARANSASCOUNTY|TX|18580|832750|1066250|1288800|1601750
48|009|ARCHERCOUNTY|TX|48660|832750|1066250|1288800|1601750
48|011|ARMSTRONGCOUNTY|TX|11100|832750|1066250|1288800|1601750
48|013|ATASCOSACOUNTY|TX|41700|832750|1066250|1288800|1601750
48|015|AUSTINCOUNTY|TX|26420|832750|1066250|1288800|1601750
48|017|BAILEYCOUNTY|TX|99999|832750|1066250|1288800|1601750
48|019|BANDERACOUNTY|TX|41700|832750|1066250|1288800|1601750
48|021|BASTROPCOUNTY|TX|12420|832750|1066250|1288800|1601750
48|023|BAYLORCOUNTY|TX|99999|832750|1066250|1288800|1601750
48|025|BEECOUNTY|TX|13300|832750|1066250|1288800|1601750
48|027|BELLCOUNTY|TX|28660|832750|1066250|1288800|1601750
48|029|BEXARCOUNTY|TX|41700|832750|1066250|1288800|1601750
48|031|BLANCOCOUNTY|TX|99999|832750|1066250|1288800|1601750
48|033|BORDENCOUNTY|TX|99999|832750|1066250|1288800|1601750
48|035|BOSQUECOUNTY|TX|47380|832750|1066250|1288800|1601750
48|037|BOWIECOUNTY|TX|45500|832750|1066250|1288800|1601750
48|039|BRAZORIACOUNTY|TX|26420|832750|1066250|1288800|1601750
48|041|BRAZOSCOUNTY|TX|17780|832750|1066250|1288800|1601750
48|043|BREWSTERCOUNTY|TX|99999|832750|1066250|1288800|1601750
48|045|BRISCOECOUNTY|TX|99999|832750|1066250|1288800|1601750
48|047|BROOKSCOUNTY|TX|10860|832750|1066250|1288800|1601750
48|049|BROWNCOUNTY|TX|15220|832750|1066250|1288800|1601750
48|051|BURLESONCOUNTY|TX|17780|832750|1066250|1288800|1601750
48|053|BURNETCOUNTY|TX|99999|832750|1066250|1288800|1601750
48|055|CALDWELLCOUNTY|TX|12420|832750|1066250|1288800|1601750
48|057|CALHOUNCOUNTY|TX|38920|832750|1066250|1288800|1601750
48|059|CALLAHANCOUNTY|TX|10180|832750|1066250|1288800|1601750
48|061|CAMERONCOUNTY|TX|15180|832750|1066250|1288800|1601750
48|063|CAMPCOUNTY|TX|34420|832750|1066250|1288800|1601750
48|065|CARSONCOUNTY|TX|11100|832750|1066250|1288800|1601750
48|067|CASSCOUNTY|TX|99999|832750|1066250|1288800|1601750
48|069|CASTROCOUNTY|TX|99999|832750|1066250|1288800|1601750
48|071|CHAMBERSCOUNTY|TX|26420|832750|1066250|1288800|1601750
48|073|CHEROKEECOUNTY|TX|27380|832750|1066250|1288800|1601750
48|075|CHILDRESSCOUNTY|TX|99999|832750|1066250|1288800|1601750
48|077|CLAYCOUNTY|TX|48660|832750|1066250|1288800|1601750
48|079|COCHRANCOUNTY|TX|31180|832750|1066250|1288800|1601750
48|081|COKECOUNTY|TX|99999|832750|1066250|1288800|1601750
48|083|COLEMANCOUNTY|TX|99999|832750|1066250|1288800|1601750
48|085|COLLINCOUNTY|TX|19100|832750|1066250|1288800|1601750
48|087|COLLINGSWORTHCOUNTY|TX|99999|832750|1066250|1288800|1601750
48|089|COLORADOCOUNTY|TX|99999|832750|1066250|1288800|1601750
48|091|COMALCOUNTY|TX|41700|832750|1066250|1288800|1601750
48|093|COMANCHECOUNTY|TX|99999|832750|1066250|1288800|1601750
48|095|CONCHOCOUNTY|TX|99999|832750|1066250|1288800|1601750
48|097|COOKECOUNTY|TX|23620|832750|1066250|1288800|1601750
48|099|CORYELLCOUNTY|TX|28660|832750|1066250|1288800|1601750
48|101|COTTLECOUNTY|TX|99999|832750|1066250|1288800|1601750
48|103|CRANECOUNTY|TX|99999|832750|1066250|1288800|1601750
48|105|CROCKETTCOUNTY|TX|99999|832750|1066250|1288800|1601750
48|107|CROSBYCOUNTY|TX|31180|832750|1066250|1288800|1601750
48|109|CULBERSONCOUNTY|TX|99999|832750|1066250|1288800|1601750
48|111|DALLAMCOUNTY|TX|99999|832750|1066250|1288800|1601750
48|113|DALLASCOUNTY|TX|19100|832750|1066250|1288800|1601750
48|115|DAWSONCOUNTY|TX|99999|832750|1066250|1288800|1601750
48|117|DEAFSMITHCOUNTY|TX|25820|832750|1066250|1288800|1601750
48|119|DELTACOUNTY|TX|99999|832750|1066250|1288800|1601750
48|121|DENTONCOUNTY|TX|19100|832750|1066250|1288800|1601750
48|123|DEWITTCOUNTY|TX|99999|832750|1066250|1288800|1601750
48|125|DICKENSCOUNTY|TX|99999|832750|1066250|1288800|1601750
48|127|DIMMITCOUNTY|TX|99999|832750|1066250|1288800|1601750
48|129|DONLEYCOUNTY|TX|99999|832750|1066250|1288800|1601750
48|131|DUVALCOUNTY|TX|99999|832750|1066250|1288800|1601750
48|133|EASTLANDCOUNTY|TX|99999|832750|1066250|1288800|1601750
48|135|ECTORCOUNTY|TX|36220|832750|1066250|1288800|1601750
48|137|EDWARDSCOUNTY|TX|99999|832750|1066250|1288800|1601750
48|139|ELLISCOUNTY|TX|19100|832750|1066250|1288800|1601750
48|141|ELPASOCOUNTY|TX|21340|832750|1066250|1288800|1601750
48|143|ERATHCOUNTY|TX|44500|832750|1066250|1288800|1601750
48|145|FALLSCOUNTY|TX|47380|832750|1066250|1288800|1601750
48|147|FANNINCOUNTY|TX|14300|832750|1066250|1288800|1601750
48|149|FAYETTECOUNTY|TX|99999|832750|1066250|1288800|1601750
48|151|FISHERCOUNTY|TX|99999|832750|1066250|1288800|1601750
48|153|FLOYDCOUNTY|TX|38380|832750|1066250|1288800|1601750
48|155|FOARDCOUNTY|TX|99999|832750|1066250|1288800|1601750
48|157|FORTBENDCOUNTY|TX|26420|832750|1066250|1288800|1601750
48|159|FRANKLINCOUNTY|TX|99999|832750|1066250|1288800|1601750
48|161|FREESTONECOUNTY|TX|99999|832750|1066250|1288800|1601750
48|163|FRIOCOUNTY|TX|99999|832750|1066250|1288800|1601750
48|165|GAINESCOUNTY|TX|99999|832750|1066250|1288800|1601750
48|167|GALVESTONCOUNTY|TX|26420|832750|1066250|1288800|1601750
48|169|GARZACOUNTY|TX|31180|832750|1066250|1288800|1601750
48|171|GILLESPIECOUNTY|TX|23240|832750|1066250|1288800|1601750
48|173|GLASSCOCKCOUNTY|TX|99999|832750|1066250|1288800|1601750
48|175|GOLIADCOUNTY|TX|47020|832750|1066250|1288800|1601750
48|177|GONZALESCOUNTY|TX|99999|832750|1066250|1288800|1601750
48|179|GRAYCOUNTY|TX|37420|832750|1066250|1288800|1601750
48|181|GRAYSONCOUNTY|TX|43300|832750|1066250|1288800|1601750
48|183|GREGGCOUNTY|TX|30980|832750|1066250|1288800|1601750
48|185|GRIMESCOUNTY|TX|99999|832750|1066250|1288800|1601750
48|187|GUADALUPECOUNTY|TX|41700|832750|1066250|1288800|1601750
48|189|HALECOUNTY|TX|38380|832750|1066250|1288800|1601750
48|191|HALLCOUNTY|TX|99999|832750|1066250|1288800|1601750
48|193|HAMILTONCOUNTY|TX|99999|832750|1066250|1288800|1601750
48|195|HANSFORDCOUNTY|TX|99999|832750|1066250|1288800|1601750
48|197|HARDEMANCOUNTY|TX|99999|832750|1066250|1288800|1601750
48|199|HARDINCOUNTY|TX|13140|832750|1066250|1288800|1601750
48|201|HARRISCOUNTY|TX|26420|832750|1066250|1288800|1601750
48|203|HARRISONCOUNTY|TX|30980|832750|1066250|1288800|1601750
48|205|HARTLEYCOUNTY|TX|99999|832750|1066250|1288800|1601750
48|207|HASKELLCOUNTY|TX|99999|832750|1066250|1288800|1601750
48|209|HAYSCOUNTY|TX|12420|832750|1066250|1288800|1601750
48|211|HEMPHILLCOUNTY|TX|99999|832750|1066250|1288800|1601750
48|213|HENDERSONCOUNTY|TX|11980|832750|1066250|1288800|1601750
48|215|HIDALGOCOUNTY|TX|32580|832750|1066250|1288800|1601750
48|217|HILLCOUNTY|TX|99999|832750|1066250|1288800|1601750
48|219|HOCKLEYCOUNTY|TX|31180|832750|1066250|1288800|1601750
48|221|HOODCOUNTY|TX|24180|832750|1066250|1288800|1601750
48|223|HOPKINSCOUNTY|TX|44860|832750|1066250|1288800|1601750
48|225|HOUSTONCOUNTY|TX|99999|832750|1066250|1288800|1601750
48|227|HOWARDCOUNTY|TX|13700|832750|1066250|1288800|1601750
48|229|HUDSPETHCOUNTY|TX|21340|832750|1066250|1288800|1601750
48|231|HUNTCOUNTY|TX|19100|832750|1066250|1288800|1601750
48|233|HUTCHINSONCOUNTY|TX|14420|832750|1066250|1288800|1601750
48|235|IRIONCOUNTY|TX|41660|832750|1066250|1288800|1601750
48|237|JACKCOUNTY|TX|99999|832750|1066250|1288800|1601750
48|239|JACKSONCOUNTY|TX|99999|832750|1066250|1288800|1601750
48|241|JASPERCOUNTY|TX|99999|832750|1066250|1288800|1601750
48|243|JEFFDAVISCOUNTY|TX|99999|832750|1066250|1288800|1601750
48|245|JEFFERSONCOUNTY|TX|13140|832750|1066250|1288800|1601750
48|247|JIMHOGGCOUNTY|TX|99999|832750|1066250|1288800|1601750
48|249|JIMWELLSCOUNTY|TX|10860|832750|1066250|1288800|1601750
48|251|JOHNSONCOUNTY|TX|19100|832750|1066250|1288800|1601750
48|253|JONESCOUNTY|TX|10180|832750|1066250|1288800|1601750
48|255|KARNESCOUNTY|TX|99999|832750|1066250|1288800|1601750
48|257|KAUFMANCOUNTY|TX|19100|832750|1066250|1288800|1601750
48|259|KENDALLCOUNTY|TX|41700|832750|1066250|1288800|1601750
48|261|KENEDYCOUNTY|TX|99999|832750|1066250|1288800|1601750
48|263|KENTCOUNTY|TX|99999|832750|1066250|1288800|1601750
48|265|KERRCOUNTY|TX|28500|832750|1066250|1288800|1601750
48|267|KIMBLECOUNTY|TX|99999|832750|1066250|1288800|1601750
48|269|KINGCOUNTY|TX|99999|832750|1066250|1288800|1601750
48|271|KINNEYCOUNTY|TX|99999|832750|1066250|1288800|1601750
48|273|KLEBERGCOUNTY|TX|28780|832750|1066250|1288800|1601750
48|275|KNOXCOUNTY|TX|99999|832750|1066250|1288800|1601750
48|277|LAMARCOUNTY|TX|37580|832750|1066250|1288800|1601750
48|279|LAMBCOUNTY|TX|99999|832750|1066250|1288800|1601750
48|281|LAMPASASCOUNTY|TX|28660|832750|1066250|1288800|1601750
48|283|LASALLECOUNTY|TX|99999|832750|1066250|1288800|1601750
48|285|LAVACACOUNTY|TX|99999|832750|1066250|1288800|1601750
48|287|LEECOUNTY|TX|99999|832750|1066250|1288800|1601750
48|289|LEONCOUNTY|TX|99999|832750|1066250|1288800|1601750
48|291|LIBERTYCOUNTY|TX|26420|832750|1066250|1288800|1601750
48|293|LIMESTONECOUNTY|TX|99999|832750|1066250|1288800|1601750
48|295|LIPSCOMBCOUNTY|TX|99999|832750|1066250|1288800|1601750
48|297|LIVEOAKCOUNTY|TX|99999|832750|1066250|1288800|1601750
48|299|LLANOCOUNTY|TX|99999|832750|1066250|1288800|1601750
48|301|LOVINGCOUNTY|TX|99999|832750|1066250|1288800|1601750
48|303|LUBBOCKCOUNTY|TX|31180|832750|1066250|1288800|1601750
48|305|LYNNCOUNTY|TX|31180|832750|1066250|1288800|1601750
48|307|MCCULLOCHCOUNTY|TX|99999|832750|1066250|1288800|1601750
48|309|MCLENNANCOUNTY|TX|47380|832750|1066250|1288800|1601750
48|311|MCMULLENCOUNTY|TX|99999|832750|1066250|1288800|1601750
48|313|MADISONCOUNTY|TX|99999|832750|1066250|1288800|1601750
48|315|MARIONCOUNTY|TX|99999|832750|1066250|1288800|1601750
48|317|MARTINCOUNTY|TX|33260|832750|1066250|1288800|1601750
48|319|MASONCOUNTY|TX|99999|832750|1066250|1288800|1601750
48|321|MATAGORDACOUNTY|TX|13060|832750|1066250|1288800|1601750
48|323|MAVERICKCOUNTY|TX|20580|832750|1066250|1288800|1601750
48|325|MEDINACOUNTY|TX|41700|832750|1066250|1288800|1601750
48|327|MENARDCOUNTY|TX|99999|832750|1066250|1288800|1601750
48|329|MIDLANDCOUNTY|TX|33260|832750|1066250|1288800|1601750
48|331|MILAMCOUNTY|TX|99999|832750|1066250|1288800|1601750
48|333|MILLSCOUNTY|TX|99999|832750|1066250|1288800|1601750
48|335|MITCHELLCOUNTY|TX|99999|832750|1066250|1288800|1601750
48|337|MONTAGUECOUNTY|TX|99999|832750|1066250|1288800|1601750
48|339|MONTGOMERYCOUNTY|TX|26420|832750|1066250|1288800|1601750
48|341|MOORECOUNTY|TX|20300|832750|1066250|1288800|1601750
48|343|MORRISCOUNTY|TX|34420|832750|1066250|1288800|1601750
48|345|MOTLEYCOUNTY|TX|99999|832750|1066250|1288800|1601750
48|347|NACOGDOCHESCOUNTY|TX|34860|832750|1066250|1288800|1601750
48|349|NAVARROCOUNTY|TX|18620|832750|1066250|1288800|1601750
48|351|NEWTONCOUNTY|TX|99999|832750|1066250|1288800|1601750
48|353|NOLANCOUNTY|TX|45020|832750|1066250|1288800|1601750
48|355|NUECESCOUNTY|TX|18580|832750|1066250|1288800|1601750
48|357|OCHILTREECOUNTY|TX|99999|832750|1066250|1288800|1601750
48|359|OLDHAMCOUNTY|TX|11100|832750|1066250|1288800|1601750
48|361|ORANGECOUNTY|TX|13140|832750|1066250|1288800|1601750
48|363|PALOPINTOCOUNTY|TX|33420|832750|1066250|1288800|1601750
48|365|PANOLACOUNTY|TX|99999|832750|1066250|1288800|1601750
48|367|PARKERCOUNTY|TX|19100|832750|1066250|1288800|1601750
48|369|PARMERCOUNTY|TX|99999|832750|1066250|1288800|1601750
48|371|PECOSCOUNTY|TX|99999|832750|1066250|1288800|1601750
48|373|POLKCOUNTY|TX|99999|832750|1066250|1288800|1601750
48|375|POTTERCOUNTY|TX|11100|832750|1066250|1288800|1601750
48|377|PRESIDIOCOUNTY|TX|99999|832750|1066250|1288800|1601750
48|379|RAINSCOUNTY|TX|99999|832750|1066250|1288800|1601750
48|381|RANDALLCOUNTY|TX|11100|832750|1066250|1288800|1601750
48|383|REAGANCOUNTY|TX|99999|832750|1066250|1288800|1601750
48|385|REALCOUNTY|TX|99999|832750|1066250|1288800|1601750
48|387|REDRIVERCOUNTY|TX|37580|832750|1066250|1288800|1601750
48|389|REEVESCOUNTY|TX|45880|832750|1066250|1288800|1601750
48|391|REFUGIOCOUNTY|TX|99999|832750|1066250|1288800|1601750
48|393|ROBERTSCOUNTY|TX|37420|832750|1066250|1288800|1601750
48|395|ROBERTSONCOUNTY|TX|17780|832750|1066250|1288800|1601750
48|397|ROCKWALLCOUNTY|TX|19100|832750|1066250|1288800|1601750
48|399|RUNNELSCOUNTY|TX|99999|832750|1066250|1288800|1601750
48|401|RUSKCOUNTY|TX|30980|832750|1066250|1288800|1601750
48|403|SABINECOUNTY|TX|99999|832750|1066250|1288800|1601750
48|405|SANAUGUSTINECOUNTY|TX|99999|832750|1066250|1288800|1601750
48|407|SANJACINTOCOUNTY|TX|26420|832750|1066250|1288800|1601750
48|409|SANPATRICIOCOUNTY|TX|18580|832750|1066250|1288800|1601750
48|411|SANSABACOUNTY|TX|99999|832750|1066250|1288800|1601750
48|413|SCHLEICHERCOUNTY|TX|99999|832750|1066250|1288800|1601750
48|415|SCURRYCOUNTY|TX|43660|832750|1066250|1288800|1601750
48|417|SHACKELFORDCOUNTY|TX|99999|832750|1066250|1288800|1601750
48|419|SHELBYCOUNTY|TX|99999|832750|1066250|1288800|1601750
48|421|SHERMANCOUNTY|TX|99999|832750|1066250|1288800|1601750
48|423|SMITHCOUNTY|TX|46340|832750|1066250|1288800|1601750
48|425|SOMERVELLCOUNTY|TX|99999|832750|1066250|1288800|1601750
48|427|STARRCOUNTY|TX|40100|832750|1066250|1288800|1601750
48|429|STEPHENSCOUNTY|TX|99999|832750|1066250|1288800|1601750
48|431|STERLINGCOUNTY|TX|99999|832750|1066250|1288800|1601750
48|433|STONEWALLCOUNTY|TX|99999|832750|1066250|1288800|1601750
48|435|SUTTONCOUNTY|TX|99999|832750|1066250|1288800|1601750
48|437|SWISHERCOUNTY|TX|99999|832750|1066250|1288800|1601750
48|439|TARRANTCOUNTY|TX|19100|832750|1066250|1288800|1601750
48|441|TAYLORCOUNTY|TX|10180|832750|1066250|1288800|1601750
48|443|TERRELLCOUNTY|TX|99999|832750|1066250|1288800|1601750
48|445|TERRYCOUNTY|TX|99999|832750|1066250|1288800|1601750
48|447|THROCKMORTONCOUNTY|TX|99999|832750|1066250|1288800|1601750
48|449|TITUSCOUNTY|TX|34420|832750|1066250|1288800|1601750
48|451|TOMGREENCOUNTY|TX|41660|832750|1066250|1288800|1601750
48|453|TRAVISCOUNTY|TX|12420|832750|1066250|1288800|1601750
48|455|TRINITYCOUNTY|TX|99999|832750|1066250|1288800|1601750
48|457|TYLERCOUNTY|TX|99999|832750|1066250|1288800|1601750
48|459|UPSHURCOUNTY|TX|30980|832750|1066250|1288800|1601750
48|461|UPTONCOUNTY|TX|99999|832750|1066250|1288800|1601750
48|463|UVALDECOUNTY|TX|46620|832750|1066250|1288800|1601750
48|465|VALVERDECOUNTY|TX|19620|832750|1066250|1288800|1601750
48|467|VANZANDTCOUNTY|TX|99999|832750|1066250|1288800|1601750
48|469|VICTORIACOUNTY|TX|47020|832750|1066250|1288800|1601750
48|471|WALKERCOUNTY|TX|26660|832750|1066250|1288800|1601750
48|473|WALLERCOUNTY|TX|26420|832750|1066250|1288800|1601750
48|475|WARDCOUNTY|TX|99999|832750|1066250|1288800|1601750
48|477|WASHINGTONCOUNTY|TX|14780|832750|1066250|1288800|1601750
48|479|WEBBCOUNTY|TX|29700|832750|1066250|1288800|1601750
48|481|WHARTONCOUNTY|TX|20900|832750|1066250|1288800|1601750
48|483|WHEELERCOUNTY|TX|99999|832750|1066250|1288800|1601750
48|485|WICHITACOUNTY|TX|48660|832750|1066250|1288800|1601750
48|487|WILBARGERCOUNTY|TX|46900|832750|1066250|1288800|1601750
48|489|WILLACYCOUNTY|TX|39700|832750|1066250|1288800|1601750
48|491|WILLIAMSONCOUNTY|TX|12420|832750|1066250|1288800|1601750
48|493|WILSONCOUNTY|TX|41700|832750|1066250|1288800|1601750
48|495|WINKLERCOUNTY|TX|99999|832750|1066250|1288800|1601750
48|497|WISECOUNTY|TX|19100|832750|1066250|1288800|1601750
48|499|WOODCOUNTY|TX|99999|832750|1066250|1288800|1601750
48|501|YOAKUMCOUNTY|TX|99999|832750|1066250|1288800|1601750
48|503|YOUNGCOUNTY|TX|99999|832750|1066250|1288800|1601750
48|505|ZAPATACOUNTY|TX|49820|832750|1066250|1288800|1601750
48|507|ZAVALACOUNTY|TX|99999|832750|1066250|1288800|1601750
49|001|BEAVERCOUNTY|UT|99999|832750|1066250|1288800|1601750
49|003|BOXELDERCOUNTY|UT|14940|832750|1066250|1288800|1601750
49|005|CACHECOUNTY|UT|30860|832750|1066250|1288800|1601750
49|007|CARBONCOUNTY|UT|39220|832750|1066250|1288800|1601750
49|009|DAGGETTCOUNTY|UT|99999|832750|1066250|1288800|1601750
49|011|DAVISCOUNTY|UT|36260|832750|1066250|1288800|1601750
49|013|DUCHESNECOUNTY|UT|99999|832750|1066250|1288800|1601750
49|015|EMERYCOUNTY|UT|99999|832750|1066250|1288800|1601750
49|017|GARFIELDCOUNTY|UT|99999|832750|1066250|1288800|1601750
49|019|GRANDCOUNTY|UT|99999|839500|1074700|1299100|1614450
49|021|IRONCOUNTY|UT|16260|832750|1066250|1288800|1601750
49|023|JUABCOUNTY|UT|39340|832750|1066250|1288800|1601750
49|025|KANECOUNTY|UT|99999|832750|1066250|1288800|1601750
49|027|MILLARDCOUNTY|UT|99999|832750|1066250|1288800|1601750
49|029|MORGANCOUNTY|UT|36260|832750|1066250|1288800|1601750
49|031|PIUTECOUNTY|UT|99999|832750|1066250|1288800|1601750
49|033|RICHCOUNTY|UT|21740|832750|1066250|1288800|1601750
49|035|SALTLAKECOUNTY|UT|41620|832750|1066250|1288800|1601750
49|037|SANJUANCOUNTY|UT|99999|832750|1066250|1288800|1601750
49|039|SANPETECOUNTY|UT|99999|832750|1066250|1288800|1601750
49|041|SEVIERCOUNTY|UT|99999|832750|1066250|1288800|1601750
49|043|SUMMITCOUNTY|UT|25720|1150000|1472250|1779600|2211600
49|045|TOOELECOUNTY|UT|41620|832750|1066250|1288800|1601750
49|047|UINTAHCOUNTY|UT|46860|832750|1066250|1288800|1601750
49|049|UTAHCOUNTY|UT|39340|832750|1066250|1288800|1601750
49|051|WASATCHCOUNTY|UT|25720|1150000|1472250|1779600|2211600
49|053|WASHINGTONCOUNTY|UT|41100|832750|1066250|1288800|1601750
49|055|WAYNECOUNTY|UT|99999|997050|1276400|1542900|1917450
49|057|WEBERCOUNTY|UT|36260|832750|1066250|1288800|1601750
50|001|ADDISONCOUNTY|VT|99999|832750|1066250|1288800|1601750
50|003|BENNINGTONCOUNTY|VT|13540|832750|1066250|1288800|1601750
50|005|CALEDONIACOUNTY|VT|99999|832750|1066250|1288800|1601750
50|007|CHITTENDENCOUNTY|VT|15540|832750|1066250|1288800|1601750
50|009|ESSEXCOUNTY|VT|99999|832750|1066250|1288800|1601750
50|011|FRANKLINCOUNTY|VT|15540|832750|1066250|1288800|1601750
50|013|GRANDISLECOUNTY|VT|15540|832750|1066250|1288800|1601750
50|015|LAMOILLECOUNTY|VT|99999|832750|1066250|1288800|1601750
50|017|ORANGECOUNTY|VT|30150|832750|1066250|1288800|1601750
50|019|ORLEANSCOUNTY|VT|99999|832750|1066250|1288800|1601750
50|021|RUTLANDCOUNTY|VT|40860|832750|1066250|1288800|1601750
50|023|WASHINGTONCOUNTY|VT|12740|832750|1066250|1288800|1601750
50|025|WINDHAMCOUNTY|VT|14710|832750|1066250|1288800|1601750
50|027|WINDSORCOUNTY|VT|30150|832750|1066250|1288800|1601750
51|001|ACCOMACKCOUNTY|VA|99999|832750|1066250|1288800|1601750
51|003|ALBEMARLECOUNTY|VA|16820|832750|1066250|1288800|1601750
51|005|ALLEGHANYCOUNTY|VA|99999|832750|1066250|1288800|1601750
51|007|AMELIACOUNTY|VA|40060|832750|1066250|1288800|1601750
51|009|AMHERSTCOUNTY|VA|31340|832750|1066250|1288800|1601750
51|011|APPOMATTOXCOUNTY|VA|31340|832750|1066250|1288800|1601750
51|013|ARLINGTONCOUNTY|VA|47900|1249125|1599375|1933200|2402625
51|015|AUGUSTACOUNTY|VA|44420|832750|1066250|1288800|1601750
51|017|BATHCOUNTY|VA|99999|832750|1066250|1288800|1601750
51|019|BEDFORDCOUNTY|VA|31340|832750|1066250|1288800|1601750
51|021|BLANDCOUNTY|VA|99999|832750|1066250|1288800|1601750
51|023|BOTETOURTCOUNTY|VA|40220|832750|1066250|1288800|1601750
51|025|BRUNSWICKCOUNTY|VA|99999|832750|1066250|1288800|1601750
51|027|BUCHANANCOUNTY|VA|99999|832750|1066250|1288800|1601750
51|029|BUCKINGHAMCOUNTY|VA|99999|832750|1066250|1288800|1601750
51|031|CAMPBELLCOUNTY|VA|31340|832750|1066250|1288800|1601750
51|033|CAROLINECOUNTY|VA|99999|832750|1066250|1288800|1601750
51|035|CARROLLCOUNTY|VA|99999|832750|1066250|1288800|1601750
51|036|CHARLESCITYCOUNTY|VA|40060|832750|1066250|1288800|1601750
51|037|CHARLOTTECOUNTY|VA|99999|832750|1066250|1288800|1601750
51|041|CHESTERFIELDCOUNTY|VA|40060|832750|1066250|1288800|1601750
51|043|CLARKECOUNTY|VA|47900|1249125|1599375|1933200|2402625
51|045|CRAIGCOUNTY|VA|40220|832750|1066250|1288800|1601750
51|047|CULPEPERCOUNTY|VA|47900|1249125|1599375|1933200|2402625
51|049|CUMBERLANDCOUNTY|VA|99999|832750|1066250|1288800|1601750
51|051|DICKENSONCOUNTY|VA|99999|832750|1066250|1288800|1601750
51|053|DINWIDDIECOUNTY|VA|40060|832750|1066250|1288800|1601750
51|057|ESSEXCOUNTY|VA|99999|832750|1066250|1288800|1601750
51|059|FAIRFAXCOUNTY|VA|47900|1249125|1599375|1933200|2402625
51|061|FAUQUIERCOUNTY|VA|47900|1249125|1599375|1933200|2402625
51|063|FLOYDCOUNTY|VA|13980|832750|1066250|1288800|1601750
51|065|FLUVANNACOUNTY|VA|16820|832750|1066250|1288800|1601750
51|067|FRANKLINCOUNTY|VA|40220|832750|1066250|1288800|1601750
51|069|FREDERICKCOUNTY|VA|49020|832750|1066250|1288800|1601750
51|071|GILESCOUNTY|VA|13980|832750|1066250|1288800|1601750
51|073|GLOUCESTERCOUNTY|VA|47260|832750|1066250|1288800|1601750
51|075|GOOCHLANDCOUNTY|VA|40060|832750|1066250|1288800|1601750
51|077|GRAYSONCOUNTY|VA|99999|832750|1066250|1288800|1601750
51|079|GREENECOUNTY|VA|16820|832750|1066250|1288800|1601750
51|081|GREENSVILLECOUNTY|VA|99999|832750|1066250|1288800|1601750
51|083|HALIFAXCOUNTY|VA|99999|832750|1066250|1288800|1601750
51|085|HANOVERCOUNTY|VA|40060|832750|1066250|1288800|1601750
51|087|HENRICOCOUNTY|VA|40060|832750|1066250|1288800|1601750
51|089|HENRYCOUNTY|VA|32300|832750|1066250|1288800|1601750
51|091|HIGHLANDCOUNTY|VA|99999|832750|1066250|1288800|1601750
51|093|ISLEOFWIGHTCOUNTY|VA|47260|832750|1066250|1288800|1601750
51|095|JAMESCITYCOUNTY|VA|47260|832750|1066250|1288800|1601750
51|097|KINGANDQUEENCOUNTY|VA|40060|832750|1066250|1288800|1601750
51|099|KINGGEORGECOUNTY|VA|99999|832750|1066250|1288800|1601750
51|101|KINGWILLIAMCOUNTY|VA|40060|832750|1066250|1288800|1601750
51|103|LANCASTERCOUNTY|VA|99999|832750|1066250|1288800|1601750
51|105|LEECOUNTY|VA|99999|832750|1066250|1288800|1601750
51|107|LOUDOUNCOUNTY|VA|47900|1249125|1599375|1933200|2402625
51|109|LOUISACOUNTY|VA|99999|832750|1066250|1288800|1601750
51|111|LUNENBURGCOUNTY|VA|99999|832750|1066250|1288800|1601750
51|113|MADISONCOUNTY|VA|99999|1209750|1548975|1872225|2326875
51|115|MATHEWSCOUNTY|VA|47260|832750|1066250|1288800|1601750
51|117|MECKLENBURGCOUNTY|VA|99999|832750|1066250|1288800|1601750
51|119|MIDDLESEXCOUNTY|VA|99999|832750|1066250|1288800|1601750
51|121|MONTGOMERYCOUNTY|VA|13980|832750|1066250|1288800|1601750
51|125|NELSONCOUNTY|VA|16820|832750|1066250|1288800|1601750
51|127|NEWKENTCOUNTY|VA|40060|832750|1066250|1288800|1601750
51|131|NORTHAMPTONCOUNTY|VA|99999|832750|1066250|1288800|1601750
51|133|NORTHUMBERLANDCOUNTY|VA|99999|832750|1066250|1288800|1601750
51|135|NOTTOWAYCOUNTY|VA|99999|832750|1066250|1288800|1601750
51|137|ORANGECOUNTY|VA|29470|832750|1066250|1288800|1601750
51|139|PAGECOUNTY|VA|99999|832750|1066250|1288800|1601750
51|141|PATRICKCOUNTY|VA|99999|832750|1066250|1288800|1601750
51|143|PITTSYLVANIACOUNTY|VA|19260|832750|1066250|1288800|1601750
51|145|POWHATANCOUNTY|VA|40060|832750|1066250|1288800|1601750
51|147|PRINCEEDWARDCOUNTY|VA|99999|832750|1066250|1288800|1601750
51|149|PRINCEGEORGECOUNTY|VA|40060|832750|1066250|1288800|1601750
51|153|PRINCEWILLIAMCOUNTY|VA|47900|1249125|1599375|1933200|2402625
51|155|PULASKICOUNTY|VA|13980|832750|1066250|1288800|1601750
51|157|RAPPAHANNOCKCOUNTY|VA|47900|1249125|1599375|1933200|2402625
51|159|RICHMONDCOUNTY|VA|99999|832750|1066250|1288800|1601750
51|161|ROANOKECOUNTY|VA|40220|832750|1066250|1288800|1601750
51|163|ROCKBRIDGECOUNTY|VA|99999|832750|1066250|1288800|1601750
51|165|ROCKINGHAMCOUNTY|VA|25500|832750|1066250|1288800|1601750
51|167|RUSSELLCOUNTY|VA|99999|832750|1066250|1288800|1601750
51|169|SCOTTCOUNTY|VA|28700|832750|1066250|1288800|1601750
51|171|SHENANDOAHCOUNTY|VA|99999|832750|1066250|1288800|1601750
51|173|SMYTHCOUNTY|VA|99999|832750|1066250|1288800|1601750
51|175|SOUTHAMPTONCOUNTY|VA|99999|832750|1066250|1288800|1601750
51|177|SPOTSYLVANIACOUNTY|VA|47900|1249125|1599375|1933200|2402625
51|179|STAFFORDCOUNTY|VA|47900|1249125|1599375|1933200|2402625
51|181|SURRYCOUNTY|VA|47260|832750|1066250|1288800|1601750
51|183|SUSSEXCOUNTY|VA|40060|832750|1066250|1288800|1601750
51|185|TAZEWELLCOUNTY|VA|14140|832750|1066250|1288800|1601750
51|187|WARRENCOUNTY|VA|47900|1249125|1599375|1933200|2402625
51|191|WASHINGTONCOUNTY|VA|28700|832750|1066250|1288800|1601750
51|193|WESTMORELANDCOUNTY|VA|99999|832750|1066250|1288800|1601750
51|195|WISECOUNTY|VA|99999|832750|1066250|1288800|1601750
51|197|WYTHECOUNTY|VA|99999|832750|1066250|1288800|1601750
51|199|YORKCOUNTY|VA|47260|832750|1066250|1288800|1601750
51|510|ALEXANDRIACITY|VA|47900|1249125|1599375|1933200|2402625
51|520|BRISTOLCITY|VA|28700|832750|1066250|1288800|1601750
51|530|BUENAVISTACITY|VA|99999|832750|1066250|1288800|1601750
51|540|CHARLOTTESVILLECITY|VA|16820|832750|1066250|1288800|1601750
51|550|CHESAPEAKECITY|VA|47260|832750|1066250|1288800|1601750
51|570|COLONIALHEIGHTSCITY|VA|40060|832750|1066250|1288800|1601750
51|580|COVINGTONCITY|VA|99999|832750|1066250|1288800|1601750
51|590|DANVILLECITY|VA|19260|832750|1066250|1288800|1601750
51|595|EMPORIACITY|VA|99999|832750|1066250|1288800|1601750
51|600|FAIRFAXCITY|VA|47900|1249125|1599375|1933200|2402625
51|610|FALLSCHURCHCITY|VA|47900|1249125|1599375|1933200|2402625
51|620|FRANKLINCITY|VA|99999|832750|1066250|1288800|1601750
51|630|FREDERICKSBURGCITY|VA|47900|1249125|1599375|1933200|2402625
51|640|GALAXCITY|VA|99999|832750|1066250|1288800|1601750
51|650|HAMPTONCITY|VA|47260|832750|1066250|1288800|1601750
51|660|HARRISONBURGCITY|VA|25500|832750|1066250|1288800|1601750
51|670|HOPEWELLCITY|VA|40060|832750|1066250|1288800|1601750
51|678|LEXINGTONCITY|VA|99999|832750|1066250|1288800|1601750
51|680|LYNCHBURGCITY|VA|31340|832750|1066250|1288800|1601750
51|683|MANASSASCITY|VA|47900|1249125|1599375|1933200|2402625
51|685|MANASSASPARKCITY|VA|47900|1249125|1599375|1933200|2402625
51|690|MARTINSVILLECITY|VA|32300|832750|1066250|1288800|1601750
51|700|NEWPORTNEWSCITY|VA|47260|832750|1066250|1288800|1601750
51|710|NORFOLKCITY|VA|47260|832750|1066250|1288800|1601750
51|720|NORTONCITY|VA|99999|832750|1066250|1288800|1601750
51|730|PETERSBURGCITY|VA|40060|832750|1066250|1288800|1601750
51|735|POQUOSONCITY|VA|47260|832750|1066250|1288800|1601750
51|740|PORTSMOUTHCITY|VA|47260|832750|1066250|1288800|1601750
51|750|RADFORDCITY|VA|13980|832750|1066250|1288800|1601750
51|760|RICHMONDCITY|VA|40060|832750|1066250|1288800|1601750
51|770|ROANOKECITY|VA|40220|832750|1066250|1288800|1601750
51|775|SALEMCITY|VA|40220|832750|1066250|1288800|1601750
51|790|STAUNTONCITY|VA|44420|832750|1066250|1288800|1601750
51|800|SUFFOLKCITY|VA|47260|832750|1066250|1288800|1601750
51|810|VIRGINIABEACHCITY|VA|47260|832750|1066250|1288800|1601750
51|820|WAYNESBOROCITY|VA|44420|832750|1066250|1288800|1601750
51|830|WILLIAMSBURGCITY|VA|47260|832750|1066250|1288800|1601750
51|840|WINCHESTERCITY|VA|49020|832750|1066250|1288800|1601750
53|001|ADAMSCOUNTY|WA|36830|832750|1066250|1288800|1601750
53|003|ASOTINCOUNTY|WA|30300|832750|1066250|1288800|1601750
53|005|BENTONCOUNTY|WA|28420|832750|1066250|1288800|1601750
53|007|CHELANCOUNTY|WA|48300|832750|1066250|1288800|1601750
53|009|CLALLAMCOUNTY|WA|38820|832750|1066250|1288800|1601750
53|011|CLARKCOUNTY|WA|38900|832750|1066250|1288800|1601750
53|013|COLUMBIACOUNTY|WA|99999|832750|1066250|1288800|1601750
53|015|COWLITZCOUNTY|WA|31020|832750|1066250|1288800|1601750
53|017|DOUGLASCOUNTY|WA|48300|832750|1066250|1288800|1601750
53|019|FERRYCOUNTY|WA|99999|832750|1066250|1288800|1601750
53|021|FRANKLINCOUNTY|WA|28420|832750|1066250|1288800|1601750
53|023|GARFIELDCOUNTY|WA|99999|832750|1066250|1288800|1601750
53|025|GRANTCOUNTY|WA|34180|832750|1066250|1288800|1601750
53|027|GRAYSHARBORCOUNTY|WA|10140|832750|1066250|1288800|1601750
53|029|ISLANDCOUNTY|WA|36020|832750|1066250|1288800|1601750
53|031|JEFFERSONCOUNTY|WA|39040|832750|1066250|1288800|1601750
53|033|KINGCOUNTY|WA|42660|1063750|1361800|1646100|2045700
53|035|KITSAPCOUNTY|WA|14740|832750|1066250|1288800|1601750
53|037|KITTITASCOUNTY|WA|21260|832750|1066250|1288800|1601750
53|039|KLICKITATCOUNTY|WA|99999|832750|1066250|1288800|1601750
53|041|LEWISCOUNTY|WA|16500|832750|1066250|1288800|1601750
53|043|LINCOLNCOUNTY|WA|99999|832750|1066250|1288800|1601750
53|045|MASONCOUNTY|WA|43220|832750|1066250|1288800|1601750
53|047|OKANOGANCOUNTY|WA|99999|832750|1066250|1288800|1601750
53|049|PACIFICCOUNTY|WA|99999|832750|1066250|1288800|1601750
53|051|PENDOREILLECOUNTY|WA|99999|832750|1066250|1288800|1601750
53|053|PIERCECOUNTY|WA|42660|1063750|1361800|1646100|2045700
53|055|SANJUANCOUNTY|WA|99999|832750|1066250|1288800|1601750
53|057|SKAGITCOUNTY|WA|34580|832750|1066250|1288800|1601750
53|059|SKAMANIACOUNTY|WA|38900|832750|1066250|1288800|1601750
53|061|SNOHOMISHCOUNTY|WA|42660|1063750|1361800|1646100|2045700
53|063|SPOKANECOUNTY|WA|44060|832750|1066250|1288800|1601750
53|065|STEVENSCOUNTY|WA|44060|832750|1066250|1288800|1601750
53|067|THURSTONCOUNTY|WA|36500|832750|1066250|1288800|1601750
53|069|WAHKIAKUMCOUNTY|WA|99999|832750|1066250|1288800|1601750
53|071|WALLAWALLACOUNTY|WA|47460|832750|1066250|1288800|1601750
53|073|WHATCOMCOUNTY|WA|13380|832750|1066250|1288800|1601750
53|075|WHITMANCOUNTY|WA|39420|832750|1066250|1288800|1601750
53|077|YAKIMACOUNTY|WA|49420|832750|1066250|1288800|1601750
54|001|BARBOURCOUNTY|WV|99999|832750|1066250|1288800|1601750
54|003|BERKELEYCOUNTY|WV|25180|832750|1066250|1288800|1601750
54|005|BOONECOUNTY|WV|16620|832750|1066250|1288800|1601750
54|007|BRAXTONCOUNTY|WV|99999|832750|1066250|1288800|1601750
54|009|BROOKECOUNTY|WV|48260|832750|1066250|1288800|1601750
54|011|CABELLCOUNTY|WV|26580|832750|1066250|1288800|1601750
54|013|CALHOUNCOUNTY|WV|99999|832750|1066250|1288800|1601750
54|015|CLAYCOUNTY|WV|16620|832750|1066250|1288800|1601750
54|017|DODDRIDGECOUNTY|WV|17220|832750|1066250|1288800|1601750
54|019|FAYETTECOUNTY|WV|13220|832750|1066250|1288800|1601750
54|021|GILMERCOUNTY|WV|99999|832750|1066250|1288800|1601750
54|023|GRANTCOUNTY|WV|99999|832750|1066250|1288800|1601750
54|025|GREENBRIERCOUNTY|WV|99999|832750|1066250|1288800|1601750
54|027|HAMPSHIRECOUNTY|WV|49020|832750|1066250|1288800|1601750
54|029|HANCOCKCOUNTY|WV|48260|832750|1066250|1288800|1601750
54|031|HARDYCOUNTY|WV|99999|832750|1066250|1288800|1601750
54|033|HARRISONCOUNTY|WV|17220|832750|1066250|1288800|1601750
54|035|JACKSONCOUNTY|WV|99999|832750|1066250|1288800|1601750
54|037|JEFFERSONCOUNTY|WV|47900|1249125|1599375|1933200|2402625
54|039|KANAWHACOUNTY|WV|16620|832750|1066250|1288800|1601750
54|041|LEWISCOUNTY|WV|99999|832750|1066250|1288800|1601750
54|043|LINCOLNCOUNTY|WV|99999|832750|1066250|1288800|1601750
54|045|LOGANCOUNTY|WV|99999|832750|1066250|1288800|1601750
54|047|MCDOWELLCOUNTY|WV|99999|832750|1066250|1288800|1601750
54|049|MARIONCOUNTY|WV|21900|832750|1066250|1288800|1601750
54|051|MARSHALLCOUNTY|WV|48540|832750|1066250|1288800|1601750
54|053|MASONCOUNTY|WV|99999|832750|1066250|1288800|1601750
54|055|MERCERCOUNTY|WV|14140|832750|1066250|1288800|1601750
54|057|MINERALCOUNTY|WV|19060|832750|1066250|1288800|1601750
54|059|MINGOCOUNTY|WV|99999|832750|1066250|1288800|1601750
54|061|MONONGALIACOUNTY|WV|34060|832750|1066250|1288800|1601750
54|063|MONROECOUNTY|WV|99999|832750|1066250|1288800|1601750
54|065|MORGANCOUNTY|WV|25180|832750|1066250|1288800|1601750
54|067|NICHOLASCOUNTY|WV|99999|832750|1066250|1288800|1601750
54|069|OHIOCOUNTY|WV|48540|832750|1066250|1288800|1601750
54|071|PENDLETONCOUNTY|WV|99999|832750|1066250|1288800|1601750
54|073|PLEASANTSCOUNTY|WV|99999|832750|1066250|1288800|1601750
54|075|POCAHONTASCOUNTY|WV|99999|832750|1066250|1288800|1601750
54|077|PRESTONCOUNTY|WV|34060|832750|1066250|1288800|1601750
54|079|PUTNAMCOUNTY|WV|26580|832750|1066250|1288800|1601750
54|081|RALEIGHCOUNTY|WV|13220|832750|1066250|1288800|1601750
54|083|RANDOLPHCOUNTY|WV|21180|832750|1066250|1288800|1601750
54|085|RITCHIECOUNTY|WV|99999|832750|1066250|1288800|1601750
54|087|ROANECOUNTY|WV|99999|832750|1066250|1288800|1601750
54|089|SUMMERSCOUNTY|WV|99999|832750|1066250|1288800|1601750
54|091|TAYLORCOUNTY|WV|17220|832750|1066250|1288800|1601750
54|093|TUCKERCOUNTY|WV|99999|832750|1066250|1288800|1601750
54|095|TYLERCOUNTY|WV|99999|832750|1066250|1288800|1601750
54|097|UPSHURCOUNTY|WV|99999|832750|1066250|1288800|1601750
54|099|WAYNECOUNTY|WV|26580|832750|1066250|1288800|1601750
54|101|WEBSTERCOUNTY|WV|99999|832750|1066250|1288800|1601750
54|103|WETZELCOUNTY|WV|99999|832750|1066250|1288800|1601750
54|105|WIRTCOUNTY|WV|37620|832750|1066250|1288800|1601750
54|107|WOODCOUNTY|WV|37620|832750|1066250|1288800|1601750
54|109|WYOMINGCOUNTY|WV|99999|832750|1066250|1288800|1601750
55|001|ADAMSCOUNTY|WI|99999|832750|1066250|1288800|1601750
55|003|ASHLANDCOUNTY|WI|99999|832750|1066250|1288800|1601750
55|005|BARRONCOUNTY|WI|39960|832750|1066250|1288800|1601750
55|007|BAYFIELDCOUNTY|WI|99999|832750|1066250|1288800|1601750
55|009|BROWNCOUNTY|WI|24580|832750|1066250|1288800|1601750
55|011|BUFFALOCOUNTY|WI|99999|832750|1066250|1288800|1601750
55|013|BURNETTCOUNTY|WI|99999|832750|1066250|1288800|1601750
55|015|CALUMETCOUNTY|WI|11540|832750|1066250|1288800|1601750
55|017|CHIPPEWACOUNTY|WI|20740|832750|1066250|1288800|1601750
55|019|CLARKCOUNTY|WI|99999|832750|1066250|1288800|1601750
55|021|COLUMBIACOUNTY|WI|31540|832750|1066250|1288800|1601750
55|023|CRAWFORDCOUNTY|WI|99999|832750|1066250|1288800|1601750
55|025|DANECOUNTY|WI|31540|832750|1066250|1288800|1601750
55|027|DODGECOUNTY|WI|13180|832750|1066250|1288800|1601750
55|029|DOORCOUNTY|WI|99999|832750|1066250|1288800|1601750
55|031|DOUGLASCOUNTY|WI|20260|832750|1066250|1288800|1601750
55|033|DUNNCOUNTY|WI|32860|832750|1066250|1288800|1601750
55|035|EAUCLAIRECOUNTY|WI|20740|832750|1066250|1288800|1601750
55|037|FLORENCECOUNTY|WI|27020|832750|1066250|1288800|1601750
55|039|FONDDULACCOUNTY|WI|22540|832750|1066250|1288800|1601750
55|041|FORESTCOUNTY|WI|99999|832750|1066250|1288800|1601750
55|043|GRANTCOUNTY|WI|38420|832750|1066250|1288800|1601750
55|045|GREENCOUNTY|WI|31540|832750|1066250|1288800|1601750
55|047|GREENLAKECOUNTY|WI|99999|832750|1066250|1288800|1601750
55|049|IOWACOUNTY|WI|31540|832750|1066250|1288800|1601750
55|051|IRONCOUNTY|WI|99999|832750|1066250|1288800|1601750
55|053|JACKSONCOUNTY|WI|99999|832750|1066250|1288800|1601750
55|055|JEFFERSONCOUNTY|WI|48020|832750|1066250|1288800|1601750
55|057|JUNEAUCOUNTY|WI|99999|832750|1066250|1288800|1601750
55|059|KENOSHACOUNTY|WI|28450|832750|1066250|1288800|1601750
55|061|KEWAUNEECOUNTY|WI|24580|832750|1066250|1288800|1601750
55|063|LACROSSECOUNTY|WI|29100|832750|1066250|1288800|1601750
55|065|LAFAYETTECOUNTY|WI|99999|832750|1066250|1288800|1601750
55|067|LANGLADECOUNTY|WI|99999|832750|1066250|1288800|1601750
55|069|LINCOLNCOUNTY|WI|99999|832750|1066250|1288800|1601750
55|071|MANITOWOCCOUNTY|WI|31820|832750|1066250|1288800|1601750
55|073|MARATHONCOUNTY|WI|48140|832750|1066250|1288800|1601750
55|075|MARINETTECOUNTY|WI|31940|832750|1066250|1288800|1601750
55|077|MARQUETTECOUNTY|WI|99999|832750|1066250|1288800|1601750
55|078|MENOMINEECOUNTY|WI|43020|832750|1066250|1288800|1601750
55|079|MILWAUKEECOUNTY|WI|33340|832750|1066250|1288800|1601750
55|081|MONROECOUNTY|WI|43890|832750|1066250|1288800|1601750
55|083|OCONTOCOUNTY|WI|24580|832750|1066250|1288800|1601750
55|085|ONEIDACOUNTY|WI|99999|832750|1066250|1288800|1601750
55|087|OUTAGAMIECOUNTY|WI|11540|832750|1066250|1288800|1601750
55|089|OZAUKEECOUNTY|WI|33340|832750|1066250|1288800|1601750
55|091|PEPINCOUNTY|WI|99999|832750|1066250|1288800|1601750
55|093|PIERCECOUNTY|WI|33460|832750|1066250|1288800|1601750
55|095|POLKCOUNTY|WI|99999|832750|1066250|1288800|1601750
55|097|PORTAGECOUNTY|WI|44620|832750|1066250|1288800|1601750
55|099|PRICECOUNTY|WI|99999|832750|1066250|1288800|1601750
55|101|RACINECOUNTY|WI|39540|832750|1066250|1288800|1601750
55|103|RICHLANDCOUNTY|WI|99999|832750|1066250|1288800|1601750
55|105|ROCKCOUNTY|WI|27500|832750|1066250|1288800|1601750
55|107|RUSKCOUNTY|WI|99999|832750|1066250|1288800|1601750
55|109|ST.CROIXCOUNTY|WI|33460|832750|1066250|1288800|1601750
55|111|SAUKCOUNTY|WI|12660|832750|1066250|1288800|1601750
55|113|SAWYERCOUNTY|WI|99999|832750|1066250|1288800|1601750
55|115|SHAWANOCOUNTY|WI|43020|832750|1066250|1288800|1601750
55|117|SHEBOYGANCOUNTY|WI|43100|832750|1066250|1288800|1601750
55|119|TAYLORCOUNTY|WI|99999|832750|1066250|1288800|1601750
55|121|TREMPEALEAUCOUNTY|WI|99999|832750|1066250|1288800|1601750
55|123|VERNONCOUNTY|WI|29100|832750|1066250|1288800|1601750
55|125|VILASCOUNTY|WI|99999|832750|1066250|1288800|1601750
55|127|WALWORTHCOUNTY|WI|48580|832750|1066250|1288800|1601750
55|129|WASHBURNCOUNTY|WI|99999|832750|1066250|1288800|1601750
55|131|WASHINGTONCOUNTY|WI|33340|832750|1066250|1288800|1601750
55|133|WAUKESHACOUNTY|WI|33340|832750|1066250|1288800|1601750
55|135|WAUPACACOUNTY|WI|99999|832750|1066250|1288800|1601750
55|137|WAUSHARACOUNTY|WI|99999|832750|1066250|1288800|1601750
55|139|WINNEBAGOCOUNTY|WI|36780|832750|1066250|1288800|1601750
55|141|WOODCOUNTY|WI|49220|832750|1066250|1288800|1601750
56|001|ALBANYCOUNTY|WY|29660|832750|1066250|1288800|1601750
56|003|BIGHORNCOUNTY|WY|99999|832750|1066250|1288800|1601750
56|005|CAMPBELLCOUNTY|WY|23940|832750|1066250|1288800|1601750
56|007|CARBONCOUNTY|WY|99999|832750|1066250|1288800|1601750
56|009|CONVERSECOUNTY|WY|99999|832750|1066250|1288800|1601750
56|011|CROOKCOUNTY|WY|99999|832750|1066250|1288800|1601750
56|013|FREMONTCOUNTY|WY|40180|832750|1066250|1288800|1601750
56|015|GOSHENCOUNTY|WY|99999|832750|1066250|1288800|1601750
56|017|HOTSPRINGSCOUNTY|WY|99999|832750|1066250|1288800|1601750
56|019|JOHNSONCOUNTY|WY|99999|832750|1066250|1288800|1601750
56|021|LARAMIECOUNTY|WY|16940|832750|1066250|1288800|1601750
56|023|LINCOLNCOUNTY|WY|99999|832750|1066250|1288800|1601750
56|025|NATRONACOUNTY|WY|16220|832750|1066250|1288800|1601750
56|027|NIOBRARACOUNTY|WY|99999|832750|1066250|1288800|1601750
56|029|PARKCOUNTY|WY|17650|832750|1066250|1288800|1601750
56|031|PLATTECOUNTY|WY|99999|832750|1066250|1288800|1601750
56|033|SHERIDANCOUNTY|WY|43260|832750|1066250|1288800|1601750
56|035|SUBLETTECOUNTY|WY|99999|832750|1066250|1288800|1601750
56|037|SWEETWATERCOUNTY|WY|40540|832750|1066250|1288800|1601750
56|039|TETONCOUNTY|WY|27220|1249125|1599375|1933200|2402625
56|041|UINTACOUNTY|WY|21740|832750|1066250|1288800|1601750
56|043|WASHAKIECOUNTY|WY|99999|832750|1066250|1288800|1601750
56|045|WESTONCOUNTY|WY|99999|832750|1066250|1288800|1601750
60|010|EASTERNDISTRICT|AS|99999|832750|1066250|1288800|1601750
60|020|MANU'ADISTRICT|AS|99999|832750|1066250|1288800|1601750
60|030|ROSEISLAND|AS|99999|832750|1066250|1288800|1601750
60|040|SWAINSISLAND|AS|99999|832750|1066250|1288800|1601750
60|050|WESTERNDISTRICT|AS|99999|832750|1066250|1288800|1601750
66|010|GUAM|GU|99999|1249125|1599375|1933200|2402625
69|085|NORTHERNISLANDSMUNICIPALITY|MP|99999|832750|1066250|1288800|1601750
69|100|ROTAMUNICIPALITY|MP|99999|832750|1066250|1288800|1601750
69|110|SAIPANMUNICIPALITY|MP|99999|832750|1066250|1288800|1601750
69|120|TINIANMUNICIPALITY|MP|99999|832750|1066250|1288800|1601750
72|001|ADJUNTASMUNICIPIO|PR|99999|832750|1066250|1288800|1601750
72|003|AGUADAMUNICIPIO|PR|10380|832750|1066250|1288800|1601750
72|005|AGUADILLAMUNICIPIO|PR|10380|832750|1066250|1288800|1601750
72|007|AGUASBUENASMUNICIPIO|PR|41980|832750|1066250|1288800|1601750
72|009|AIBONITOMUNICIPIO|PR|41980|832750|1066250|1288800|1601750
72|011|ANASCOMUNICIPIO|PR|10380|832750|1066250|1288800|1601750
72|013|ARECIBOMUNICIPIO|PR|11640|832750|1066250|1288800|1601750
72|015|ARROYOMUNICIPIO|PR|25020|832750|1066250|1288800|1601750
72|017|BARCELONETAMUNICIPIO|PR|41980|832750|1066250|1288800|1601750
72|019|BARRANQUITASMUNICIPIO|PR|41980|832750|1066250|1288800|1601750
72|021|BAYAMONMUNICIPIO|PR|41980|832750|1066250|1288800|1601750
72|023|CABOROJOMUNICIPIO|PR|32420|832750|1066250|1288800|1601750
72|025|CAGUASMUNICIPIO|PR|41980|832750|1066250|1288800|1601750
72|027|CAMUYMUNICIPIO|PR|11640|832750|1066250|1288800|1601750
72|029|CANOVANASMUNICIPIO|PR|41980|832750|1066250|1288800|1601750
72|031|CAROLINAMUNICIPIO|PR|41980|832750|1066250|1288800|1601750
72|033|CATANOMUNICIPIO|PR|41980|832750|1066250|1288800|1601750
72|035|CAYEYMUNICIPIO|PR|41980|832750|1066250|1288800|1601750
72|037|CEIBAMUNICIPIO|PR|41980|832750|1066250|1288800|1601750
72|039|CIALESMUNICIPIO|PR|41980|832750|1066250|1288800|1601750
72|041|CIDRAMUNICIPIO|PR|41980|832750|1066250|1288800|1601750
72|043|COAMOMUNICIPIO|PR|17620|832750|1066250|1288800|1601750
72|045|COMERIOMUNICIPIO|PR|41980|832750|1066250|1288800|1601750
72|047|COROZALMUNICIPIO|PR|41980|832750|1066250|1288800|1601750
72|049|CULEBRAMUNICIPIO|PR|99999|832750|1066250|1288800|1601750
72|051|DORADOMUNICIPIO|PR|41980|832750|1066250|1288800|1601750
72|053|FAJARDOMUNICIPIO|PR|41980|832750|1066250|1288800|1601750
72|054|FLORIDAMUNICIPIO|PR|41980|832750|1066250|1288800|1601750
72|055|GUANICAMUNICIPIO|PR|99999|832750|1066250|1288800|1601750
72|057|GUAYAMAMUNICIPIO|PR|25020|832750|1066250|1288800|1601750
72|059|GUAYANILLAMUNICIPIO|PR|38660|832750|1066250|1288800|1601750
72|061|GUAYNABOMUNICIPIO|PR|41980|832750|1066250|1288800|1601750
72|063|GURABOMUNICIPIO|PR|41980|832750|1066250|1288800|1601750
72|065|HATILLOMUNICIPIO|PR|11640|832750|1066250|1288800|1601750
72|067|HORMIGUEROSMUNICIPIO|PR|32420|832750|1066250|1288800|1601750
72|069|HUMACAOMUNICIPIO|PR|41980|832750|1066250|1288800|1601750
72|071|ISABELAMUNICIPIO|PR|10380|832750|1066250|1288800|1601750
72|073|JAYUYAMUNICIPIO|PR|99999|832750|1066250|1288800|1601750
72|075|JUANADIAZMUNICIPIO|PR|38660|832750|1066250|1288800|1601750
72|077|JUNCOSMUNICIPIO|PR|41980|832750|1066250|1288800|1601750
72|079|LAJASMUNICIPIO|PR|32420|832750|1066250|1288800|1601750
72|081|LARESMUNICIPIO|PR|29720|832750|1066250|1288800|1601750
72|083|LASMARIASMUNICIPIO|PR|99999|832750|1066250|1288800|1601750
72|085|LASPIEDRASMUNICIPIO|PR|41980|832750|1066250|1288800|1601750
72|087|LOIZAMUNICIPIO|PR|41980|832750|1066250|1288800|1601750
72|089|LUQUILLOMUNICIPIO|PR|41980|832750|1066250|1288800|1601750
72|091|MANATIMUNICIPIO|PR|41980|832750|1066250|1288800|1601750
72|093|MARICAOMUNICIPIO|PR|99999|832750|1066250|1288800|1601750
72|095|MAUNABOMUNICIPIO|PR|41980|832750|1066250|1288800|1601750
72|097|MAYAGUEZMUNICIPIO|PR|32420|832750|1066250|1288800|1601750
72|099|MOCAMUNICIPIO|PR|10380|832750|1066250|1288800|1601750
72|101|MOROVISMUNICIPIO|PR|41980|832750|1066250|1288800|1601750
72|103|NAGUABOMUNICIPIO|PR|41980|832750|1066250|1288800|1601750
72|105|NARANJITOMUNICIPIO|PR|41980|832750|1066250|1288800|1601750
72|107|OROCOVISMUNICIPIO|PR|41980|832750|1066250|1288800|1601750
72|109|PATILLASMUNICIPIO|PR|25020|832750|1066250|1288800|1601750
72|111|PENUELASMUNICIPIO|PR|38660|832750|1066250|1288800|1601750
72|113|PONCEMUNICIPIO|PR|38660|832750|1066250|1288800|1601750
72|115|QUEBRADILLASMUNICIPIO|PR|11640|832750|1066250|1288800|1601750
72|117|RINCONMUNICIPIO|PR|10380|832750|1066250|1288800|1601750
72|119|RIOGRANDEMUNICIPIO|PR|41980|832750|1066250|1288800|1601750
72|121|SABANAGRANDEMUNICIPIO|PR|32420|832750|1066250|1288800|1601750
72|123|SALINASMUNICIPIO|PR|17640|832750|1066250|1288800|1601750
72|125|SANGERMANMUNICIPIO|PR|32420|832750|1066250|1288800|1601750
72|127|SANJUANMUNICIPIO|PR|41980|832750|1066250|1288800|1601750
72|129|SANLORENZOMUNICIPIO|PR|41980|832750|1066250|1288800|1601750
72|131|SANSEBASTIANMUNICIPIO|PR|10380|832750|1066250|1288800|1601750
72|133|SANTAISABELMUNICIPIO|PR|17620|832750|1066250|1288800|1601750
72|135|TOAALTAMUNICIPIO|PR|41980|832750|1066250|1288800|1601750
72|137|TOABAJAMUNICIPIO|PR|41980|832750|1066250|1288800|1601750
72|139|TRUJILLOALTOMUNICIPIO|PR|41980|832750|1066250|1288800|1601750
72|141|UTUADOMUNICIPIO|PR|46580|832750|1066250|1288800|1601750
72|143|VEGAALTAMUNICIPIO|PR|41980|832750|1066250|1288800|1601750
72|145|VEGABAJAMUNICIPIO|PR|41980|832750|1066250|1288800|1601750
72|147|VIEQUESMUNICIPIO|PR|99999|832750|1066250|1288800|1601750
72|149|VILLALBAMUNICIPIO|PR|38660|832750|1066250|1288800|1601750
72|151|YABUCOAMUNICIPIO|PR|41980|832750|1066250|1288800|1601750
72|153|YAUCOMUNICIPIO|PR|38660|832750|1066250|1288800|1601750
78|010|ST.CROIXISLAND|VI|99999|1249125|1599375|1933200|2402625
78|020|ST.JOHNISLAND|VI|99999|1249125|1599375|1933200|2402625
78|030|ST.THOMASISLAND|VI|99999|1249125|1599375|1933200|2402625
